N,c,atr_bin,atr_cat,atr_un,a,b,c.1,d,d_,e,f,f_,g_ln,h_ln,i,j,k_ln,l_ln,m_ln,task,label
6.538139824,14,2,4,0,1.2623,0.1024,0.7713,-1.0,1,1.0,-1.0,1,0.678084303,2.530023409,0.9912,2.3012,-2.18036746,2.171528512,2.96344675,0,1.587805612
7.13169851,28,2,0,0,1.5124,0.3503,0.8869,-1.0,1,1.0,-1.0,1,-0.83609419,0.977611582,0.9453,5.4853,-1.148222789,1.091969846,2.790727908,0,2.626044457
8.920121752,20,2,0,0,1.032,0.2178,0.55,-1.0,1,1.0,-1.0,1,-0.10402807,1.258858638,0.3256,4.6908,-3.53358657,5.079189716,5.072945309,0,2.697326238
9.903537551,16,24,0,0,1.3218,0.1885,0.9884,0.9191,0,0.1505,0.2807,0,-0.867500568,1.482149847,4.5603,5.6411,0.273760617,1.243627792,1.190928941,0,4.349955304
7.890208213,16,2,8,0,1.0273,0.0825,0.7618,-1.0,1,1.0,-1.0,1,0.189131649,1.482649449,1.0,1.77,-0.444725822,0.44472582,0.566058106,0,2.353563338
9.680406499,7,2,0,0,1.0975,0.1146,0.6109,-1.0,1,1.0,-1.0,1,1.808485473,4.534102664,0.2893,2.7416,-3.005782609,1.765491542,3.996104168,0,2.306078982
7.079184395,180,3,0,0,1.5407,0.0456,0.8729,0.83,0,0.5252,1.0,0,0.939303886,3.386672403,1.4725,0.8072,-3.825845309,4.212806946,3.584283171,0,2.420101426
6.64509097,8,2,0,0,1.0377,0.1439,0.5507,-1.0,1,1.0,-1.0,1,0.05694728,1.762502288,0.9331,4.5301,-2.189256408,2.120013505,3.674966146,0,1.510501165
9.105090961,16,10,0,0,1.5673,0.2119,0.8929,0.8902,0,0.2031,0.4049,0,-0.155251285,1.634247591,3.3219,6.5452,-0.683394889,1.883931798,2.48184857,0,3.90019331
6.908754779,24,2,9,1,1.0369,0.0848,0.5044,-1.0,1,1.0,-1.0,1,0.529804382,2.053392697,0.8813,1.5031,-3.979231755,3.852874565,4.374242405,0,2.441390056
6.803505258,6,3,1,1,1.1231,0.1217,0.7176,0.1057,0,0.9787,1.0,0,0.007074914,1.6175648,1.3574,1.9786,-1.645583359,1.951154465,2.225393855,0,3.393837027
6.34738921,45,3,43,0,1.191,0.751,0.8842,0.3002,0,0.8966,1.0,0,0.640379115,-0.01349059,1.5749,0.8717,-3.307707039,3.761898816,3.127503238,0,0.0
9.105090961,40,10,0,0,1.9657,0.1093,0.9207,0.9056,0,0.172,0.3385,0,-1.713687934,1.071583616,3.3219,5.5903,-1.595042032,2.795578941,3.279104928,0,4.617977817
8.517393171,16,26,0,0,1.8795,0.2577,0.8896,0.8489,0,0.168,0.321,0,-0.562469857,1.263702909,4.6996,3.094,-0.656044093,2.203521491,1.601932461,0,3.975786226
6.908754779,57,2,0,0,1.0638,0.1216,0.5286,-1.0,1,1.0,-1.0,1,0.111541375,1.913062229,0.3879,3.83,-3.167707538,2.220699834,4.499519314,0,0.98394938
7.601402335,36,6,0,0,1.297,0.5977,0.9366,0.9332,0,0.3586,0.7146,0,-0.312521362,1.428802933,2.4734,5.5759,-0.057311367,0.962905091,1.590213747,0,2.365935408
7.74543561,11,7,0,0,4.0014,0.1425,0.976,0.9623,0,0.3098,0.611,0,1.084513364,3.197909561,2.8072,3.0787,-0.404665428,1.436852973,1.284914388,0,0.248421358
9.581972892,9,7,0,0,1.6067,0.3558,0.9668,0.6968,0,0.6252,0.9499,0,1.49000101,5.077114431,0.9653,3.4271,-1.09422194,1.058905596,2.223137091,0,3.646258968
7.8559322,56,91,0,0,2.2442,0.217010526,0.9165,0.6818,0,0.5575,0.866,0,1.904433178,4.684870989,4.8787,0.3672,-1.706499625,3.291378416,0.022876819,0,1.141033005
7.313220387,14,2,0,0,1.1316,0.3676,0.7792,-1.0,1,1.0,-1.0,1,-0.433401727,1.466075496,0.9998,3.8755,-1.255266099,1.25506608,2.533557566,0,1.18967102
6.741700695,18,4,0,0,1.5392,0.4828,0.842,0.8189,0,0.4696,0.9139,0,-0.188500608,1.644805056,1.9979,4.2472,-1.039023497,1.731120126,2.398306306,0,2.556684528
5.602118821,13,2,5,1,1.0612,0.1236,0.7384,-1.0,1,1.0,-1.0,1,-0.044997366,1.294562771,0.9902,1.6386,-2.434974281,2.425125948,2.873874168,0,1.852854569
9.903537551,16,24,0,0,1.3218,0.1885,0.9884,0.9191,0,0.1505,0.2807,0,-0.867500568,1.482149847,4.5603,5.6411,0.273760617,1.243627792,1.190928941,1,3.836760521
9.680406499,7,2,0,0,1.0975,0.1146,0.6109,-1.0,1,1.0,-1.0,1,1.808485473,4.534102664,0.2893,2.7416,-3.005782609,1.765491542,3.996104168,1,1.708015476
7.13169851,28,2,0,0,1.5124,0.3503,0.8869,-1.0,1,1.0,-1.0,1,-0.83609419,0.977611582,0.9453,5.4853,-1.148222789,1.091969846,2.790727908,1,2.626044457
8.920121752,20,2,0,0,1.032,0.2178,0.55,-1.0,1,1.0,-1.0,1,-0.10402807,1.258858638,0.3256,4.6908,-3.53358657,5.079189716,5.072945309,1,1.351444084
7.890208213,16,2,8,0,1.0273,0.0825,0.7618,-1.0,1,1.0,-1.0,1,0.189131649,1.482649449,1.0,1.77,-0.444725822,0.44472582,0.566058106,1,0.0
6.538139824,14,2,4,0,1.2623,0.1024,0.7713,-1.0,1,1.0,-1.0,1,0.678084303,2.530023409,0.9912,2.3012,-2.18036746,2.171528512,2.96344675,1,0.968883182
6.64509097,8,2,0,0,1.0377,0.1439,0.5507,-1.0,1,1.0,-1.0,1,0.05694728,1.762502288,0.9331,4.5301,-2.189256408,2.120013505,3.674966146,1,1.434131691
7.74543561,11,7,0,0,4.0014,0.1425,0.976,0.9623,0,0.3098,0.611,0,1.084513364,3.197909561,2.8072,3.0787,-0.404665428,1.436852973,1.284914388,1,1.653646167
6.741700695,18,4,0,0,1.5392,0.4828,0.842,0.8189,0,0.4696,0.9139,0,-0.188500608,1.644805056,1.9979,4.2472,-1.039023497,1.731120126,2.398306306,1,2.569247798
7.313220387,14,2,0,0,1.1316,0.3676,0.7792,-1.0,1,1.0,-1.0,1,-0.433401727,1.466075496,0.9998,3.8755,-1.255266099,1.25506608,2.533557566,1,0.484276289
7.8559322,56,91,0,0,2.2442,0.217010526,0.9165,0.6818,0,0.5575,0.866,0,1.904433178,4.684870989,4.8787,0.3672,-1.706499625,3.291378416,0.022876819,1,0.634988266
9.581972892,9,7,0,0,1.6067,0.3558,0.9668,0.6968,0,0.6252,0.9499,0,1.49000101,5.077114431,0.9653,3.4271,-1.09422194,1.058905596,2.223137091,1,2.364056415
7.601402335,36,6,0,0,1.297,0.5977,0.9366,0.9332,0,0.3586,0.7146,0,-0.312521362,1.428802933,2.4734,5.5759,-0.057311367,0.962905091,1.590213747,1,2.046789209
6.908754779,57,2,0,0,1.0638,0.1216,0.5286,-1.0,1,1.0,-1.0,1,0.111541375,1.913062229,0.3879,3.83,-3.167707538,2.220699834,4.499519314,1,0.246078523
7.079184395,180,3,0,0,1.5407,0.0456,0.8729,0.83,0,0.5252,1.0,0,0.939303886,3.386672403,1.4725,0.8072,-3.825845309,4.212806946,3.584283171,1,1.880685678
9.105090961,40,10,0,0,1.9657,0.1093,0.9207,0.9056,0,0.172,0.3385,0,-1.713687934,1.071583616,3.3219,5.5903,-1.595042032,2.795578941,3.279104928,1,4.631276433
5.602118821,13,2,5,1,1.0612,0.1236,0.7384,-1.0,1,1.0,-1.0,1,-0.044997366,1.294562771,0.9902,1.6386,-2.434974281,2.425125948,2.873874168,1,1.552020642
6.803505258,6,3,1,1,1.1231,0.1217,0.7176,0.1057,0,0.9787,1.0,0,0.007074914,1.6175648,1.3574,1.9786,-1.645583359,1.951154465,2.225393855,1,1.885856793
8.517393171,16,26,0,0,1.8795,0.2577,0.8896,0.8489,0,0.168,0.321,0,-0.562469857,1.263702909,4.6996,3.094,-0.656044093,2.203521491,1.601932461,1,2.999126507
6.34738921,45,3,43,0,1.191,0.751,0.8842,0.3002,0,0.8966,1.0,0,0.640379115,-0.01349059,1.5749,0.8717,-3.307707039,3.761898816,3.127503238,1,2.410452464
9.105090961,16,10,0,0,1.5673,0.2119,0.8929,0.8902,0,0.2031,0.4049,0,-0.155251285,1.634247591,3.3219,6.5452,-0.683394889,1.883931798,2.48184857,1,3.891064911
6.908754779,24,2,9,1,1.0369,0.0848,0.5044,-1.0,1,1.0,-1.0,1,0.529804382,2.053392697,0.8813,1.5031,-3.979231755,3.852874565,4.374242405,1,2.068254196
9.105090961,40,10,0,0,1.9657,0.1093,0.9207,0.9056,0,0.172,0.3385,0,-1.713687934,1.071583616,3.3219,5.5903,-1.595042032,2.795578941,3.279104928,2,0.0
5.602118821,13,2,5,1,1.0612,0.1236,0.7384,-1.0,1,1.0,-1.0,1,-0.044997366,1.294562771,0.9902,1.6386,-2.434974281,2.425125948,2.873874168,2,0.921079249
8.517393171,16,26,0,0,1.8795,0.2577,0.8896,0.8489,0,0.168,0.321,0,-0.562469857,1.263702909,4.6996,3.094,-0.656044093,2.203521491,1.601932461,2,1.005399907
6.908754779,57,2,0,0,1.0638,0.1216,0.5286,-1.0,1,1.0,-1.0,1,0.111541375,1.913062229,0.3879,3.83,-3.167707538,2.220699834,4.499519314,2,2.475529488
7.601402335,36,6,0,0,1.297,0.5977,0.9366,0.9332,0,0.3586,0.7146,0,-0.312521362,1.428802933,2.4734,5.5759,-0.057311367,0.962905091,1.590213747,2,0.0
7.74543561,11,7,0,0,4.0014,0.1425,0.976,0.9623,0,0.3098,0.611,0,1.084513364,3.197909561,2.8072,3.0787,-0.404665428,1.436852973,1.284914388,2,2.656195346
9.581972892,9,7,0,0,1.6067,0.3558,0.9668,0.6968,0,0.6252,0.9499,0,1.49000101,5.077114431,0.9653,3.4271,-1.09422194,1.058905596,2.223137091,2,3.966151277
7.8559322,56,91,0,0,2.2442,0.217010526,0.9165,0.6818,0,0.5575,0.866,0,1.904433178,4.684870989,4.8787,0.3672,-1.706499625,3.291378416,0.022876819,2,3.055603671
7.313220387,14,2,0,0,1.1316,0.3676,0.7792,-1.0,1,1.0,-1.0,1,-0.433401727,1.466075496,0.9998,3.8755,-1.255266099,1.25506608,2.533557566,2,1.679709965
6.741700695,18,4,0,0,1.5392,0.4828,0.842,0.8189,0,0.4696,0.9139,0,-0.188500608,1.644805056,1.9979,4.2472,-1.039023497,1.731120126,2.398306306,2,2.414305343
6.803505258,6,3,1,1,1.1231,0.1217,0.7176,0.1057,0,0.9787,1.0,0,0.007074914,1.6175648,1.3574,1.9786,-1.645583359,1.951154465,2.225393855,2,2.626478547
6.908754779,24,2,9,1,1.0369,0.0848,0.5044,-1.0,1,1.0,-1.0,1,0.529804382,2.053392697,0.8813,1.5031,-3.979231755,3.852874565,4.374242405,2,1.768490842
6.538139824,14,2,4,0,1.2623,0.1024,0.7713,-1.0,1,1.0,-1.0,1,0.678084303,2.530023409,0.9912,2.3012,-2.18036746,2.171528512,2.96344675,2,1.587805612
9.680406499,7,2,0,0,1.0975,0.1146,0.6109,-1.0,1,1.0,-1.0,1,1.808485473,4.534102664,0.2893,2.7416,-3.005782609,1.765491542,3.996104168,2,2.392334385
7.13169851,28,2,0,0,1.5124,0.3503,0.8869,-1.0,1,1.0,-1.0,1,-0.83609419,0.977611582,0.9453,5.4853,-1.148222789,1.091969846,2.790727908,2,3.229380458
8.920121752,20,2,0,0,1.032,0.2178,0.55,-1.0,1,1.0,-1.0,1,-0.10402807,1.258858638,0.3256,4.6908,-3.53358657,5.079189716,5.072945309,2,0.669878554
9.903537551,16,24,0,0,1.3218,0.1885,0.9884,0.9191,0,0.1505,0.2807,0,-0.867500568,1.482149847,4.5603,5.6411,0.273760617,1.243627792,1.190928941,2,3.038935431
7.890208213,16,2,8,0,1.0273,0.0825,0.7618,-1.0,1,1.0,-1.0,1,0.189131649,1.482649449,1.0,1.77,-0.444725822,0.44472582,0.566058106,2,3.122937448
7.079184395,180,3,0,0,1.5407,0.0456,0.8729,0.83,0,0.5252,1.0,0,0.939303886,3.386672403,1.4725,0.8072,-3.825845309,4.212806946,3.584283171,2,3.034904909
6.64509097,8,2,0,0,1.0377,0.1439,0.5507,-1.0,1,1.0,-1.0,1,0.05694728,1.762502288,0.9331,4.5301,-2.189256408,2.120013505,3.674966146,2,2.044332365
9.105090961,16,10,0,0,1.5673,0.2119,0.8929,0.8902,0,0.2031,0.4049,0,-0.155251285,1.634247591,3.3219,6.5452,-0.683394889,1.883931798,2.48184857,2,0.0
6.34738921,45,3,43,0,1.191,0.751,0.8842,0.3002,0,0.8966,1.0,0,0.640379115,-0.01349059,1.5749,0.8717,-3.307707039,3.761898816,3.127503238,2,2.614325431
7.601402335,36,6,0,0,1.297,0.5977,0.9366,0.9332,0,0.3586,0.7146,0,-0.312521362,1.428802933,2.4734,5.5759,-0.057311367,0.962905091,1.590213747,3,2.64091275
7.313220387,14,2,0,0,1.1316,0.3676,0.7792,-1.0,1,1.0,-1.0,1,-0.433401727,1.466075496,0.9998,3.8755,-1.255266099,1.25506608,2.533557566,3,2.208823713
7.8559322,56,91,0,0,2.2442,0.217010526,0.9165,0.6818,0,0.5575,0.866,0,1.904433178,4.684870989,4.8787,0.3672,-1.706499625,3.291378416,0.022876819,3,3.879272515
9.581972892,9,7,0,0,1.6067,0.3558,0.9668,0.6968,0,0.6252,0.9499,0,1.49000101,5.077114431,0.9653,3.4271,-1.09422194,1.058905596,2.223137091,3,9.396155154
6.908754779,57,2,0,0,1.0638,0.1216,0.5286,-1.0,1,1.0,-1.0,1,0.111541375,1.913062229,0.3879,3.83,-3.167707538,2.220699834,4.499519314,3,3.035962093
5.602118821,13,2,5,1,1.0612,0.1236,0.7384,-1.0,1,1.0,-1.0,1,-0.044997366,1.294562771,0.9902,1.6386,-2.434974281,2.425125948,2.873874168,3,1.729352009
8.517393171,16,26,0,0,1.8795,0.2577,0.8896,0.8489,0,0.168,0.321,0,-0.562469857,1.263702909,4.6996,3.094,-0.656044093,2.203521491,1.601932461,3,4.013026041
9.105090961,40,10,0,0,1.9657,0.1093,0.9207,0.9056,0,0.172,0.3385,0,-1.713687934,1.071583616,3.3219,5.5903,-1.595042032,2.795578941,3.279104928,3,6.499904327
6.803505258,6,3,1,1,1.1231,0.1217,0.7176,0.1057,0,0.9787,1.0,0,0.007074914,1.6175648,1.3574,1.9786,-1.645583359,1.951154465,2.225393855,3,4.121959729
6.908754779,24,2,9,1,1.0369,0.0848,0.5044,-1.0,1,1.0,-1.0,1,0.529804382,2.053392697,0.8813,1.5031,-3.979231755,3.852874565,4.374242405,3,3.001366372
6.34738921,45,3,43,0,1.191,0.751,0.8842,0.3002,0,0.8966,1.0,0,0.640379115,-0.01349059,1.5749,0.8717,-3.307707039,3.761898816,3.127503238,3,2.984013881
9.105090961,16,10,0,0,1.5673,0.2119,0.8929,0.8902,0,0.2031,0.4049,0,-0.155251285,1.634247591,3.3219,6.5452,-0.683394889,1.883931798,2.48184857,3,2.606460345
6.64509097,8,2,0,0,1.0377,0.1439,0.5507,-1.0,1,1.0,-1.0,1,0.05694728,1.762502288,0.9331,4.5301,-2.189256408,2.120013505,3.674966146,3,1.465336568
7.079184395,180,3,0,0,1.5407,0.0456,0.8729,0.83,0,0.5252,1.0,0,0.939303886,3.386672403,1.4725,0.8072,-3.825845309,4.212806946,3.584283171,3,3.96567751
7.890208213,16,2,8,0,1.0273,0.0825,0.7618,-1.0,1,1.0,-1.0,1,0.189131649,1.482649449,1.0,1.77,-0.444725822,0.44472582,0.566058106,3,3.088812697
9.903537551,16,24,0,0,1.3218,0.1885,0.9884,0.9191,0,0.1505,0.2807,0,-0.867500568,1.482149847,4.5603,5.6411,0.273760617,1.243627792,1.190928941,3,3.847697795
7.13169851,28,2,0,0,1.5124,0.3503,0.8869,-1.0,1,1.0,-1.0,1,-0.83609419,0.977611582,0.9453,5.4853,-1.148222789,1.091969846,2.790727908,3,3.173501819
9.680406499,7,2,0,0,1.0975,0.1146,0.6109,-1.0,1,1.0,-1.0,1,1.808485473,4.534102664,0.2893,2.7416,-3.005782609,1.765491542,3.996104168,3,3.08103803
8.920121752,20,2,0,0,1.032,0.2178,0.55,-1.0,1,1.0,-1.0,1,-0.10402807,1.258858638,0.3256,4.6908,-3.53358657,5.079189716,5.072945309,3,2.155939513
7.74543561,11,7,0,0,4.0014,0.1425,0.976,0.9623,0,0.3098,0.611,0,1.084513364,3.197909561,2.8072,3.0787,-0.404665428,1.436852973,1.284914388,3,2.435803937
6.741700695,18,4,0,0,1.5392,0.4828,0.842,0.8189,0,0.4696,0.9139,0,-0.188500608,1.644805056,1.9979,4.2472,-1.039023497,1.731120126,2.398306306,3,2.801965469
6.538139824,14,2,4,0,1.2623,0.1024,0.7713,-1.0,1,1.0,-1.0,1,0.678084303,2.530023409,0.9912,2.3012,-2.18036746,2.171528512,2.96344675,3,4.229093963
7.601402335,36,6,0,0,1.297,0.5977,0.9366,0.9332,0,0.3586,0.7146,0,-0.312521362,1.428802933,2.4734,5.5759,-0.057311367,0.962905091,1.590213747,4,4.940498912
6.908754779,57,2,0,0,1.0638,0.1216,0.5286,-1.0,1,1.0,-1.0,1,0.111541375,1.913062229,0.3879,3.83,-3.167707538,2.220699834,4.499519314,4,2.994931953
8.517393171,16,26,0,0,1.8795,0.2577,0.8896,0.8489,0,0.168,0.321,0,-0.562469857,1.263702909,4.6996,3.094,-0.656044093,2.203521491,1.601932461,4,5.03773152
9.903537551,16,24,0,0,1.3218,0.1885,0.9884,0.9191,0,0.1505,0.2807,0,-0.867500568,1.482149847,4.5603,5.6411,0.273760617,1.243627792,1.190928941,4,5.747885481
7.890208213,16,2,8,0,1.0273,0.0825,0.7618,-1.0,1,1.0,-1.0,1,0.189131649,1.482649449,1.0,1.77,-0.444725822,0.44472582,0.566058106,4,2.877005042
9.105090961,40,10,0,0,1.9657,0.1093,0.9207,0.9056,0,0.172,0.3385,0,-1.713687934,1.071583616,3.3219,5.5903,-1.595042032,2.795578941,3.279104928,4,4.896465722
6.64509097,8,2,0,0,1.0377,0.1439,0.5507,-1.0,1,1.0,-1.0,1,0.05694728,1.762502288,0.9331,4.5301,-2.189256408,2.120013505,3.674966146,4,0.902191807
9.105090961,16,10,0,0,1.5673,0.2119,0.8929,0.8902,0,0.2031,0.4049,0,-0.155251285,1.634247591,3.3219,6.5452,-0.683394889,1.883931798,2.48184857,4,4.375064958
6.34738921,45,3,43,0,1.191,0.751,0.8842,0.3002,0,0.8966,1.0,0,0.640379115,-0.01349059,1.5749,0.8717,-3.307707039,3.761898816,3.127503238,4,2.381765891
6.908754779,24,2,9,1,1.0369,0.0848,0.5044,-1.0,1,1.0,-1.0,1,0.529804382,2.053392697,0.8813,1.5031,-3.979231755,3.852874565,4.374242405,4,2.444084655
6.803505258,6,3,1,1,1.1231,0.1217,0.7176,0.1057,0,0.9787,1.0,0,0.007074914,1.6175648,1.3574,1.9786,-1.645583359,1.951154465,2.225393855,4,2.74303117
5.602118821,13,2,5,1,1.0612,0.1236,0.7384,-1.0,1,1.0,-1.0,1,-0.044997366,1.294562771,0.9902,1.6386,-2.434974281,2.425125948,2.873874168,4,1.114813668
7.74543561,11,7,0,0,4.0014,0.1425,0.976,0.9623,0,0.3098,0.611,0,1.084513364,3.197909561,2.8072,3.0787,-0.404665428,1.436852973,1.284914388,4,4.79366432
7.079184395,180,3,0,0,1.5407,0.0456,0.8729,0.83,0,0.5252,1.0,0,0.939303886,3.386672403,1.4725,0.8072,-3.825845309,4.212806946,3.584283171,4,2.852208263
9.581972892,9,7,0,0,1.6067,0.3558,0.9668,0.6968,0,0.6252,0.9499,0,1.49000101,5.077114431,0.9653,3.4271,-1.09422194,1.058905596,2.223137091,4,3.895263344
7.13169851,28,2,0,0,1.5124,0.3503,0.8869,-1.0,1,1.0,-1.0,1,-0.83609419,0.977611582,0.9453,5.4853,-1.148222789,1.091969846,2.790727908,4,3.33259729
9.680406499,7,2,0,0,1.0975,0.1146,0.6109,-1.0,1,1.0,-1.0,1,1.808485473,4.534102664,0.2893,2.7416,-3.005782609,1.765491542,3.996104168,4,3.198305703
7.313220387,14,2,0,0,1.1316,0.3676,0.7792,-1.0,1,1.0,-1.0,1,-0.433401727,1.466075496,0.9998,3.8755,-1.255266099,1.25506608,2.533557566,4,3.711227858
6.538139824,14,2,4,0,1.2623,0.1024,0.7713,-1.0,1,1.0,-1.0,1,0.678084303,2.530023409,0.9912,2.3012,-2.18036746,2.171528512,2.96344675,4,0.383219499
8.920121752,20,2,0,0,1.032,0.2178,0.55,-1.0,1,1.0,-1.0,1,-0.10402807,1.258858638,0.3256,4.6908,-3.53358657,5.079189716,5.072945309,4,3.174171303
6.741700695,18,4,0,0,1.5392,0.4828,0.842,0.8189,0,0.4696,0.9139,0,-0.188500608,1.644805056,1.9979,4.2472,-1.039023497,1.731120126,2.398306306,4,2.719583437
7.8559322,56,91,0,0,2.2442,0.217010526,0.9165,0.6818,0,0.5575,0.866,0,1.904433178,4.684870989,4.8787,0.3672,-1.706499625,3.291378416,0.022876819,4,5.090764152
6.741700695,18,4,0,0,1.5392,0.4828,0.842,0.8189,0,0.4696,0.9139,0,-0.188500608,1.644805056,1.9979,4.2472,-1.039023497,1.731120126,2.398306306,5,1.852540941
7.313220387,14,2,0,0,1.1316,0.3676,0.7792,-1.0,1,1.0,-1.0,1,-0.433401727,1.466075496,0.9998,3.8755,-1.255266099,1.25506608,2.533557566,5,2.937732329
7.8559322,56,91,0,0,2.2442,0.217010526,0.9165,0.6818,0,0.5575,0.866,0,1.904433178,4.684870989,4.8787,0.3672,-1.706499625,3.291378416,0.022876819,5,3.996805233
9.581972892,9,7,0,0,1.6067,0.3558,0.9668,0.6968,0,0.6252,0.9499,0,1.49000101,5.077114431,0.9653,3.4271,-1.09422194,1.058905596,2.223137091,5,6.365497466
7.74543561,11,7,0,0,4.0014,0.1425,0.976,0.9623,0,0.3098,0.611,0,1.084513364,3.197909561,2.8072,3.0787,-0.404665428,1.436852973,1.284914388,5,3.228033763
7.601402335,36,6,0,0,1.297,0.5977,0.9366,0.9332,0,0.3586,0.7146,0,-0.312521362,1.428802933,2.4734,5.5759,-0.057311367,0.962905091,1.590213747,5,2.549445171
6.908754779,57,2,0,0,1.0638,0.1216,0.5286,-1.0,1,1.0,-1.0,1,0.111541375,1.913062229,0.3879,3.83,-3.167707538,2.220699834,4.499519314,5,2.176681676
8.517393171,16,26,0,0,1.8795,0.2577,0.8896,0.8489,0,0.168,0.321,0,-0.562469857,1.263702909,4.6996,3.094,-0.656044093,2.203521491,1.601932461,5,4.24506078
9.105090961,40,10,0,0,1.9657,0.1093,0.9207,0.9056,0,0.172,0.3385,0,-1.713687934,1.071583616,3.3219,5.5903,-1.595042032,2.795578941,3.279104928,5,3.644666299
7.079184395,180,3,0,0,1.5407,0.0456,0.8729,0.83,0,0.5252,1.0,0,0.939303886,3.386672403,1.4725,0.8072,-3.825845309,4.212806946,3.584283171,5,1.417308415
5.602118821,13,2,5,1,1.0612,0.1236,0.7384,-1.0,1,1.0,-1.0,1,-0.044997366,1.294562771,0.9902,1.6386,-2.434974281,2.425125948,2.873874168,5,0.243730185
6.803505258,6,3,1,1,1.1231,0.1217,0.7176,0.1057,0,0.9787,1.0,0,0.007074914,1.6175648,1.3574,1.9786,-1.645583359,1.951154465,2.225393855,5,0.887067873
6.34738921,45,3,43,0,1.191,0.751,0.8842,0.3002,0,0.8966,1.0,0,0.640379115,-0.01349059,1.5749,0.8717,-3.307707039,3.761898816,3.127503238,5,1.060910421
6.908754779,24,2,9,1,1.0369,0.0848,0.5044,-1.0,1,1.0,-1.0,1,0.529804382,2.053392697,0.8813,1.5031,-3.979231755,3.852874565,4.374242405,5,0.0
9.105090961,16,10,0,0,1.5673,0.2119,0.8929,0.8902,0,0.2031,0.4049,0,-0.155251285,1.634247591,3.3219,6.5452,-0.683394889,1.883931798,2.48184857,5,3.435051154
6.538139824,14,2,4,0,1.2623,0.1024,0.7713,-1.0,1,1.0,-1.0,1,0.678084303,2.530023409,0.9912,2.3012,-2.18036746,2.171528512,2.96344675,5,0.576051409
9.680406499,7,2,0,0,1.0975,0.1146,0.6109,-1.0,1,1.0,-1.0,1,1.808485473,4.534102664,0.2893,2.7416,-3.005782609,1.765491542,3.996104168,5,2.545217497
7.13169851,28,2,0,0,1.5124,0.3503,0.8869,-1.0,1,1.0,-1.0,1,-0.83609419,0.977611582,0.9453,5.4853,-1.148222789,1.091969846,2.790727908,5,2.271919679
8.920121752,20,2,0,0,1.032,0.2178,0.55,-1.0,1,1.0,-1.0,1,-0.10402807,1.258858638,0.3256,4.6908,-3.53358657,5.079189716,5.072945309,5,2.155939513
9.903537551,16,24,0,0,1.3218,0.1885,0.9884,0.9191,0,0.1505,0.2807,0,-0.867500568,1.482149847,4.5603,5.6411,0.273760617,1.243627792,1.190928941,5,2.543647145
7.890208213,16,2,8,0,1.0273,0.0825,0.7618,-1.0,1,1.0,-1.0,1,0.189131649,1.482649449,1.0,1.77,-0.444725822,0.44472582,0.566058106,5,2.353563338
6.64509097,8,2,0,0,1.0377,0.1439,0.5507,-1.0,1,1.0,-1.0,1,0.05694728,1.762502288,0.9331,4.5301,-2.189256408,2.120013505,3.674966146,5,0.124868982
6.538139824,14,2,4,0,1.2623,0.1024,0.7713,-1.0,1,1.0,-1.0,1,0.678084303,2.530023409,0.9912,2.3012,-2.18036746,2.171528512,2.96344675,6,0.576051409
9.680406499,7,2,0,0,1.0975,0.1146,0.6109,-1.0,1,1.0,-1.0,1,1.808485473,4.534102664,0.2893,2.7416,-3.005782609,1.765491542,3.996104168,6,0.0
9.105090961,40,10,0,0,1.9657,0.1093,0.9207,0.9056,0,0.172,0.3385,0,-1.713687934,1.071583616,3.3219,5.5903,-1.595042032,2.795578941,3.279104928,6,2.63008866
8.920121752,20,2,0,0,1.032,0.2178,0.55,-1.0,1,1.0,-1.0,1,-0.10402807,1.258858638,0.3256,4.6908,-3.53358657,5.079189716,5.072945309,6,1.832421451
9.903537551,16,24,0,0,1.3218,0.1885,0.9884,0.9191,0,0.1505,0.2807,0,-0.867500568,1.482149847,4.5603,5.6411,0.273760617,1.243627792,1.190928941,6,1.519294363
7.890208213,16,2,8,0,1.0273,0.0825,0.7618,-1.0,1,1.0,-1.0,1,0.189131649,1.482649449,1.0,1.77,-0.444725822,0.44472582,0.566058106,6,2.335342657
7.079184395,180,3,0,0,1.5407,0.0456,0.8729,0.83,0,0.5252,1.0,0,0.939303886,3.386672403,1.4725,0.8072,-3.825845309,4.212806946,3.584283171,6,0.795703769
6.64509097,8,2,0,0,1.0377,0.1439,0.5507,-1.0,1,1.0,-1.0,1,0.05694728,1.762502288,0.9331,4.5301,-2.189256408,2.120013505,3.674966146,6,0.064850972
9.105090961,16,10,0,0,1.5673,0.2119,0.8929,0.8902,0,0.2031,0.4049,0,-0.155251285,1.634247591,3.3219,6.5452,-0.683394889,1.883931798,2.48184857,6,2.501927634
6.34738921,45,3,43,0,1.191,0.751,0.8842,0.3002,0,0.8966,1.0,0,0.640379115,-0.01349059,1.5749,0.8717,-3.307707039,3.761898816,3.127503238,6,0.728031582
7.13169851,28,2,0,0,1.5124,0.3503,0.8869,-1.0,1,1.0,-1.0,1,-0.83609419,0.977611582,0.9453,5.4853,-1.148222789,1.091969846,2.790727908,6,1.870878674
6.908754779,24,2,9,1,1.0369,0.0848,0.5044,-1.0,1,1.0,-1.0,1,0.529804382,2.053392697,0.8813,1.5031,-3.979231755,3.852874565,4.374242405,6,1.084175241
5.602118821,13,2,5,1,1.0612,0.1236,0.7384,-1.0,1,1.0,-1.0,1,-0.044997366,1.294562771,0.9902,1.6386,-2.434974281,2.425125948,2.873874168,6,1.07602579
8.517393171,16,26,0,0,1.8795,0.2577,0.8896,0.8489,0,0.168,0.321,0,-0.562469857,1.263702909,4.6996,3.094,-0.656044093,2.203521491,1.601932461,6,3.507297624
6.741700695,18,4,0,0,1.5392,0.4828,0.842,0.8189,0,0.4696,0.9139,0,-0.188500608,1.644805056,1.9979,4.2472,-1.039023497,1.731120126,2.398306306,6,0.077886539
7.313220387,14,2,0,0,1.1316,0.3676,0.7792,-1.0,1,1.0,-1.0,1,-0.433401727,1.466075496,0.9998,3.8755,-1.255266099,1.25506608,2.533557566,6,1.511383972
7.8559322,56,91,0,0,2.2442,0.217010526,0.9165,0.6818,0,0.5575,0.866,0,1.904433178,4.684870989,4.8787,0.3672,-1.706499625,3.291378416,0.022876819,6,2.949897737
9.581972892,9,7,0,0,1.6067,0.3558,0.9668,0.6968,0,0.6252,0.9499,0,1.49000101,5.077114431,0.9653,3.4271,-1.09422194,1.058905596,2.223137091,6,4.053487845
7.74543561,11,7,0,0,4.0014,0.1425,0.976,0.9623,0,0.3098,0.611,0,1.084513364,3.197909561,2.8072,3.0787,-0.404665428,1.436852973,1.284914388,6,0.248421358
6.803505258,6,3,1,1,1.1231,0.1217,0.7176,0.1057,0,0.9787,1.0,0,0.007074914,1.6175648,1.3574,1.9786,-1.645583359,1.951154465,2.225393855,6,1.992111932
7.601402335,36,6,0,0,1.297,0.5977,0.9366,0.9332,0,0.3586,0.7146,0,-0.312521362,1.428802933,2.4734,5.5759,-0.057311367,0.962905091,1.590213747,6,1.282321771
6.908754779,57,2,0,0,1.0638,0.1216,0.5286,-1.0,1,1.0,-1.0,1,0.111541375,1.913062229,0.3879,3.83,-3.167707538,2.220699834,4.499519314,6,1.532340862
6.538139824,14,2,4,0,1.2623,0.1024,0.7713,-1.0,1,1.0,-1.0,1,0.678084303,2.530023409,0.9912,2.3012,-2.18036746,2.171528512,2.96344675,7,1.814498956
6.908754779,57,2,0,0,1.0638,0.1216,0.5286,-1.0,1,1.0,-1.0,1,0.111541375,1.913062229,0.3879,3.83,-3.167707538,2.220699834,4.499519314,7,2.741936197
7.601402335,36,6,0,0,1.297,0.5977,0.9366,0.9332,0,0.3586,0.7146,0,-0.312521362,1.428802933,2.4734,5.5759,-0.057311367,0.962905091,1.590213747,7,0.988053098
7.74543561,11,7,0,0,4.0014,0.1425,0.976,0.9623,0,0.3098,0.611,0,1.084513364,3.197909561,2.8072,3.0787,-0.404665428,1.436852973,1.284914388,7,1.706201581
9.581972892,9,7,0,0,1.6067,0.3558,0.9668,0.6968,0,0.6252,0.9499,0,1.49000101,5.077114431,0.9653,3.4271,-1.09422194,1.058905596,2.223137091,7,3.966151277
7.8559322,56,91,0,0,2.2442,0.217010526,0.9165,0.6818,0,0.5575,0.866,0,1.904433178,4.684870989,4.8787,0.3672,-1.706499625,3.291378416,0.022876819,7,3.445214267
7.313220387,14,2,0,0,1.1316,0.3676,0.7792,-1.0,1,1.0,-1.0,1,-0.433401727,1.466075496,0.9998,3.8755,-1.255266099,1.25506608,2.533557566,7,1.949759872
8.517393171,16,26,0,0,1.8795,0.2577,0.8896,0.8489,0,0.168,0.321,0,-0.562469857,1.263702909,4.6996,3.094,-0.656044093,2.203521491,1.601932461,7,1.674101426
6.741700695,18,4,0,0,1.5392,0.4828,0.842,0.8189,0,0.4696,0.9139,0,-0.188500608,1.644805056,1.9979,4.2472,-1.039023497,1.731120126,2.398306306,7,2.498151877
7.13169851,28,2,0,0,1.5124,0.3503,0.8869,-1.0,1,1.0,-1.0,1,-0.83609419,0.977611582,0.9453,5.4853,-1.148222789,1.091969846,2.790727908,7,3.134406668
5.602118821,13,2,5,1,1.0612,0.1236,0.7384,-1.0,1,1.0,-1.0,1,-0.044997366,1.294562771,0.9902,1.6386,-2.434974281,2.425125948,2.873874168,7,1.455120552
6.908754779,24,2,9,1,1.0369,0.0848,0.5044,-1.0,1,1.0,-1.0,1,0.529804382,2.053392697,0.8813,1.5031,-3.979231755,3.852874565,4.374242405,7,2.645394351
6.34738921,45,3,43,0,1.191,0.751,0.8842,0.3002,0,0.8966,1.0,0,0.640379115,-0.01349059,1.5749,0.8717,-3.307707039,3.761898816,3.127503238,7,2.890538411
9.105090961,16,10,0,0,1.5673,0.2119,0.8929,0.8902,0,0.2031,0.4049,0,-0.155251285,1.634247591,3.3219,6.5452,-0.683394889,1.883931798,2.48184857,7,1.984581261
6.64509097,8,2,0,0,1.0377,0.1439,0.5507,-1.0,1,1.0,-1.0,1,0.05694728,1.762502288,0.9331,4.5301,-2.189256408,2.120013505,3.674966146,7,1.449738534
7.079184395,180,3,0,0,1.5407,0.0456,0.8729,0.83,0,0.5252,1.0,0,0.939303886,3.386672403,1.4725,0.8072,-3.825845309,4.212806946,3.584283171,7,5.121317624
7.890208213,16,2,8,0,1.0273,0.0825,0.7618,-1.0,1,1.0,-1.0,1,0.189131649,1.482649449,1.0,1.77,-0.444725822,0.44472582,0.566058106,7,2.844327819
9.903537551,16,24,0,0,1.3218,0.1885,0.9884,0.9191,0,0.1505,0.2807,0,-0.867500568,1.482149847,4.5603,5.6411,0.273760617,1.243627792,1.190928941,7,2.988909048
8.920121752,20,2,0,0,1.032,0.2178,0.55,-1.0,1,1.0,-1.0,1,-0.10402807,1.258858638,0.3256,4.6908,-3.53358657,5.079189716,5.072945309,7,1.468104736
6.803505258,6,3,1,1,1.1231,0.1217,0.7176,0.1057,0,0.9787,1.0,0,0.007074914,1.6175648,1.3574,1.9786,-1.645583359,1.951154465,2.225393855,7,3.098694917
9.680406499,7,2,0,0,1.0975,0.1146,0.6109,-1.0,1,1.0,-1.0,1,1.808485473,4.534102664,0.2893,2.7416,-3.005782609,1.765491542,3.996104168,7,2.94811642
9.105090961,40,10,0,0,1.9657,0.1093,0.9207,0.9056,0,0.172,0.3385,0,-1.713687934,1.071583616,3.3219,5.5903,-1.595042032,2.795578941,3.279104928,7,1.622551552
6.803505258,6,3,1,1,1.1231,0.1217,0.7176,0.1057,0,0.9787,1.0,0,0.007074914,1.6175648,1.3574,1.9786,-1.645583359,1.951154465,2.225393855,8,3.537707666
9.105090961,40,10,0,0,1.9657,0.1093,0.9207,0.9056,0,0.172,0.3385,0,-1.713687934,1.071583616,3.3219,5.5903,-1.595042032,2.795578941,3.279104928,8,3.207491266
8.517393171,16,26,0,0,1.8795,0.2577,0.8896,0.8489,0,0.168,0.321,0,-0.562469857,1.263702909,4.6996,3.094,-0.656044093,2.203521491,1.601932461,8,3.908516866
6.908754779,57,2,0,0,1.0638,0.1216,0.5286,-1.0,1,1.0,-1.0,1,0.111541375,1.913062229,0.3879,3.83,-3.167707538,2.220699834,4.499519314,8,1.965992849
7.601402335,36,6,0,0,1.297,0.5977,0.9366,0.9332,0,0.3586,0.7146,0,-0.312521362,1.428802933,2.4734,5.5759,-0.057311367,0.962905091,1.590213747,8,1.636663899
7.74543561,11,7,0,0,4.0014,0.1425,0.976,0.9623,0,0.3098,0.611,0,1.084513364,3.197909561,2.8072,3.0787,-0.404665428,1.436852973,1.284914388,8,2.483906149
9.581972892,9,7,0,0,1.6067,0.3558,0.9668,0.6968,0,0.6252,0.9499,0,1.49000101,5.077114431,0.9653,3.4271,-1.09422194,1.058905596,2.223137091,8,5.126264902
7.8559322,56,91,0,0,2.2442,0.217010526,0.9165,0.6818,0,0.5575,0.866,0,1.904433178,4.684870989,4.8787,0.3672,-1.706499625,3.291378416,0.022876819,8,3.750256734
7.313220387,14,2,0,0,1.1316,0.3676,0.7792,-1.0,1,1.0,-1.0,1,-0.433401727,1.466075496,0.9998,3.8755,-1.255266099,1.25506608,2.533557566,8,1.46441214
6.538139824,14,2,4,0,1.2623,0.1024,0.7713,-1.0,1,1.0,-1.0,1,0.678084303,2.530023409,0.9912,2.3012,-2.18036746,2.171528512,2.96344675,8,0.737164066
9.680406499,7,2,0,0,1.0975,0.1146,0.6109,-1.0,1,1.0,-1.0,1,1.808485473,4.534102664,0.2893,2.7416,-3.005782609,1.765491542,3.996104168,8,2.392334385
6.741700695,18,4,0,0,1.5392,0.4828,0.842,0.8189,0,0.4696,0.9139,0,-0.188500608,1.644805056,1.9979,4.2472,-1.039023497,1.731120126,2.398306306,8,2.623871173
8.920121752,20,2,0,0,1.032,0.2178,0.55,-1.0,1,1.0,-1.0,1,-0.10402807,1.258858638,0.3256,4.6908,-3.53358657,5.079189716,5.072945309,8,1.753018641
9.903537551,16,24,0,0,1.3218,0.1885,0.9884,0.9191,0,0.1505,0.2807,0,-0.867500568,1.482149847,4.5603,5.6411,0.273760617,1.243627792,1.190928941,8,3.175634239
7.890208213,16,2,8,0,1.0273,0.0825,0.7618,-1.0,1,1.0,-1.0,1,0.189131649,1.482649449,1.0,1.77,-0.444725822,0.44472582,0.566058106,8,2.353563338
7.079184395,180,3,0,0,1.5407,0.0456,0.8729,0.83,0,0.5252,1.0,0,0.939303886,3.386672403,1.4725,0.8072,-3.825845309,4.212806946,3.584283171,8,0.0
6.64509097,8,2,0,0,1.0377,0.1439,0.5507,-1.0,1,1.0,-1.0,1,0.05694728,1.762502288,0.9331,4.5301,-2.189256408,2.120013505,3.674966146,8,0.846726268
9.105090961,16,10,0,0,1.5673,0.2119,0.8929,0.8902,0,0.2031,0.4049,0,-0.155251285,1.634247591,3.3219,6.5452,-0.683394889,1.883931798,2.48184857,8,2.841239869
6.34738921,45,3,43,0,1.191,0.751,0.8842,0.3002,0,0.8966,1.0,0,0.640379115,-0.01349059,1.5749,0.8717,-3.307707039,3.761898816,3.127503238,8,2.321799312
6.908754779,24,2,9,1,1.0369,0.0848,0.5044,-1.0,1,1.0,-1.0,1,0.529804382,2.053392697,0.8813,1.5031,-3.979231755,3.852874565,4.374242405,8,2.662564571
5.602118821,13,2,5,1,1.0612,0.1236,0.7384,-1.0,1,1.0,-1.0,1,-0.044997366,1.294562771,0.9902,1.6386,-2.434974281,2.425125948,2.873874168,8,1.933837568
7.13169851,28,2,0,0,1.5124,0.3503,0.8869,-1.0,1,1.0,-1.0,1,-0.83609419,0.977611582,0.9453,5.4853,-1.148222789,1.091969846,2.790727908,8,2.626044457
9.581972892,9,7,0,0,1.6067,0.3558,0.9668,0.6968,0,0.6252,0.9499,0,1.49000101,5.077114431,0.9653,3.4271,-1.09422194,1.058905596,2.223137091,9,6.695837235
6.741700695,18,4,0,0,1.5392,0.4828,0.842,0.8189,0,0.4696,0.9139,0,-0.188500608,1.644805056,1.9979,4.2472,-1.039023497,1.731120126,2.398306306,9,0.0
7.313220387,14,2,0,0,1.1316,0.3676,0.7792,-1.0,1,1.0,-1.0,1,-0.433401727,1.466075496,0.9998,3.8755,-1.255266099,1.25506608,2.533557566,9,2.630881138
7.8559322,56,91,0,0,2.2442,0.217010526,0.9165,0.6818,0,0.5575,0.866,0,1.904433178,4.684870989,4.8787,0.3672,-1.706499625,3.291378416,0.022876819,9,4.288841695
7.74543561,11,7,0,0,4.0014,0.1425,0.976,0.9623,0,0.3098,0.611,0,1.084513364,3.197909561,2.8072,3.0787,-0.404665428,1.436852973,1.284914388,9,3.605008595
9.680406499,7,2,0,0,1.0975,0.1146,0.6109,-1.0,1,1.0,-1.0,1,1.808485473,4.534102664,0.2893,2.7416,-3.005782609,1.765491542,3.996104168,9,3.335947496
6.908754779,57,2,0,0,1.0638,0.1216,0.5286,-1.0,1,1.0,-1.0,1,0.111541375,1.913062229,0.3879,3.83,-3.167707538,2.220699834,4.499519314,9,1.965992849
8.517393171,16,26,0,0,1.8795,0.2577,0.8896,0.8489,0,0.168,0.321,0,-0.562469857,1.263702909,4.6996,3.094,-0.656044093,2.203521491,1.601932461,9,2.718396493
9.105090961,40,10,0,0,1.9657,0.1093,0.9207,0.9056,0,0.172,0.3385,0,-1.713687934,1.071583616,3.3219,5.5903,-1.595042032,2.795578941,3.279104928,9,1.478873542
6.538139824,14,2,4,0,1.2623,0.1024,0.7713,-1.0,1,1.0,-1.0,1,0.678084303,2.530023409,0.9912,2.3012,-2.18036746,2.171528512,2.96344675,9,1.93398215
5.602118821,13,2,5,1,1.0612,0.1236,0.7384,-1.0,1,1.0,-1.0,1,-0.044997366,1.294562771,0.9902,1.6386,-2.434974281,2.425125948,2.873874168,9,0.529451088
6.803505258,6,3,1,1,1.1231,0.1217,0.7176,0.1057,0,0.9787,1.0,0,0.007074914,1.6175648,1.3574,1.9786,-1.645583359,1.951154465,2.225393855,9,0.937269138
6.908754779,24,2,9,1,1.0369,0.0848,0.5044,-1.0,1,1.0,-1.0,1,0.529804382,2.053392697,0.8813,1.5031,-3.979231755,3.852874565,4.374242405,9,1.272285445
6.34738921,45,3,43,0,1.191,0.751,0.8842,0.3002,0,0.8966,1.0,0,0.640379115,-0.01349059,1.5749,0.8717,-3.307707039,3.761898816,3.127503238,9,2.139360032
9.105090961,16,10,0,0,1.5673,0.2119,0.8929,0.8902,0,0.2031,0.4049,0,-0.155251285,1.634247591,3.3219,6.5452,-0.683394889,1.883931798,2.48184857,9,1.420212579
6.64509097,8,2,0,0,1.0377,0.1439,0.5507,-1.0,1,1.0,-1.0,1,0.05694728,1.762502288,0.9331,4.5301,-2.189256408,2.120013505,3.674966146,9,1.279822117
7.079184395,180,3,0,0,1.5407,0.0456,0.8729,0.83,0,0.5252,1.0,0,0.939303886,3.386672403,1.4725,0.8072,-3.825845309,4.212806946,3.584283171,9,1.417308415
7.890208213,16,2,8,0,1.0273,0.0825,0.7618,-1.0,1,1.0,-1.0,1,0.189131649,1.482649449,1.0,1.77,-0.444725822,0.44472582,0.566058106,9,2.519951992
9.903537551,16,24,0,0,1.3218,0.1885,0.9884,0.9191,0,0.1505,0.2807,0,-0.867500568,1.482149847,4.5603,5.6411,0.273760617,1.243627792,1.190928941,9,0.0
8.920121752,20,2,0,0,1.032,0.2178,0.55,-1.0,1,1.0,-1.0,1,-0.10402807,1.258858638,0.3256,4.6908,-3.53358657,5.079189716,5.072945309,9,3.287281858
7.601402335,36,6,0,0,1.297,0.5977,0.9366,0.9332,0,0.3586,0.7146,0,-0.312521362,1.428802933,2.4734,5.5759,-0.057311367,0.962905091,1.590213747,9,2.336793264
7.13169851,28,2,0,0,1.5124,0.3503,0.8869,-1.0,1,1.0,-1.0,1,-0.83609419,0.977611582,0.9453,5.4853,-1.148222789,1.091969846,2.790727908,9,3.093720682
6.741700695,18,4,0,0,1.5392,0.4828,0.842,0.8189,0,0.4696,0.9139,0,-0.188500608,1.644805056,1.9979,4.2472,-1.039023497,1.731120126,2.398306306,10,1.865319672
6.803505258,6,3,1,1,1.1231,0.1217,0.7176,0.1057,0,0.9787,1.0,0,0.007074914,1.6175648,1.3574,1.9786,-1.645583359,1.951154465,2.225393855,10,1.347553533
6.908754779,24,2,9,1,1.0369,0.0848,0.5044,-1.0,1,1.0,-1.0,1,0.529804382,2.053392697,0.8813,1.5031,-3.979231755,3.852874565,4.374242405,10,1.10459436
7.313220387,14,2,0,0,1.1316,0.3676,0.7792,-1.0,1,1.0,-1.0,1,-0.433401727,1.466075496,0.9998,3.8755,-1.255266099,1.25506608,2.533557566,10,1.18967102
7.8559322,56,91,0,0,2.2442,0.217010526,0.9165,0.6818,0,0.5575,0.866,0,1.904433178,4.684870989,4.8787,0.3672,-1.706499625,3.291378416,0.022876819,10,3.911762972
9.581972892,9,7,0,0,1.6067,0.3558,0.9668,0.6968,0,0.6252,0.9499,0,1.49000101,5.077114431,0.9653,3.4271,-1.09422194,1.058905596,2.223137091,10,4.260494392
7.74543561,11,7,0,0,4.0014,0.1425,0.976,0.9623,0,0.3098,0.611,0,1.084513364,3.197909561,2.8072,3.0787,-0.404665428,1.436852973,1.284914388,10,1.97380321
6.908754779,57,2,0,0,1.0638,0.1216,0.5286,-1.0,1,1.0,-1.0,1,0.111541375,1.913062229,0.3879,3.83,-3.167707538,2.220699834,4.499519314,10,0.0
8.517393171,16,26,0,0,1.8795,0.2577,0.8896,0.8489,0,0.168,0.321,0,-0.562469857,1.263702909,4.6996,3.094,-0.656044093,2.203521491,1.601932461,10,4.215632559
9.105090961,40,10,0,0,1.9657,0.1093,0.9207,0.9056,0,0.172,0.3385,0,-1.713687934,1.071583616,3.3219,5.5903,-1.595042032,2.795578941,3.279104928,10,3.260861942
6.538139824,14,2,4,0,1.2623,0.1024,0.7713,-1.0,1,1.0,-1.0,1,0.678084303,2.530023409,0.9912,2.3012,-2.18036746,2.171528512,2.96344675,10,1.132047065
7.601402335,36,6,0,0,1.297,0.5977,0.9366,0.9332,0,0.3586,0.7146,0,-0.312521362,1.428802933,2.4734,5.5759,-0.057311367,0.962905091,1.590213747,10,2.394343518
9.680406499,7,2,0,0,1.0975,0.1146,0.6109,-1.0,1,1.0,-1.0,1,1.808485473,4.534102664,0.2893,2.7416,-3.005782609,1.765491542,3.996104168,10,0.0
7.13169851,28,2,0,0,1.5124,0.3503,0.8869,-1.0,1,1.0,-1.0,1,-0.83609419,0.977611582,0.9453,5.4853,-1.148222789,1.091969846,2.790727908,10,0.0
8.920121752,20,2,0,0,1.032,0.2178,0.55,0.0,0,1.0,-1.0,1,-0.10402807,1.258858638,0.3256,4.6908,-3.53358657,5.079189716,5.072945309,10,1.974636427
9.903537551,16,24,0,0,1.3218,0.1885,0.9884,0.9191,0,0.1505,0.2807,0,-0.867500568,1.482149847,4.5603,5.6411,0.273760617,1.243627792,1.190928941,10,3.154145285
7.890208213,16,2,8,0,1.0273,0.0825,0.7618,-1.0,1,1.0,-1.0,1,0.189131649,1.482649449,1.0,1.77,-0.444725822,0.44472582,0.566058106,10,1.875487685
7.079184395,180,3,0,0,1.5407,0.0456,0.8729,0.83,0,0.5252,1.0,0,0.939303886,3.386672403,1.4725,0.8072,-3.825845309,4.212806946,3.584283171,10,2.91061002
6.64509097,8,2,0,0,1.0377,0.1439,0.5507,-1.0,1,1.0,-1.0,1,0.05694728,1.762502288,0.9331,4.5301,-2.189256408,2.120013505,3.674966146,10,0.469378434
9.105090961,16,10,0,0,1.5673,0.2119,0.8929,0.8902,0,0.2031,0.4049,0,-0.155251285,1.634247591,3.3219,6.5452,-0.683394889,1.883931798,2.48184857,10,3.279067412
5.602118821,13,2,5,1,1.0612,0.1236,0.7384,-1.0,1,1.0,-1.0,1,-0.044997366,1.294562771,0.9902,1.6386,-2.434974281,2.425125948,2.873874168,10,0.921079249
6.34738921,45,3,43,0,1.191,0.751,0.8842,0.3002,0,0.8966,1.0,0,0.640379115,-0.01349059,1.5749,0.8717,-3.307707039,3.761898816,3.127503238,10,2.43282357
7.8559322,56,91,0,0,2.2442,0.217010526,0.9165,0.6818,0,0.5575,0.866,0,1.904433178,4.684870989,4.8787,0.3672,-1.706499625,3.291378416,0.022876819,11,4.028898963
9.581972892,9,7,0,0,1.6067,0.3558,0.9668,0.6968,0,0.6252,0.9499,0,1.49000101,5.077114431,0.9653,3.4271,-1.09422194,1.058905596,2.223137091,11,6.133424073
7.74543561,11,7,0,0,4.0014,0.1425,0.976,0.9623,0,0.3098,0.611,0,1.084513364,3.197909561,2.8072,3.0787,-0.404665428,1.436852973,1.284914388,11,3.146649159
7.601402335,36,6,0,0,1.297,0.5977,0.9366,0.9332,0,0.3586,0.7146,0,-0.312521362,1.428802933,2.4734,5.5759,-0.057311367,0.962905091,1.590213747,11,2.448761203
6.538139824,14,2,4,0,1.2623,0.1024,0.7713,-1.0,1,1.0,-1.0,1,0.678084303,2.530023409,0.9912,2.3012,-2.18036746,2.171528512,2.96344675,11,0.576051409
8.517393171,16,26,0,0,1.8795,0.2577,0.8896,0.8489,0,0.168,0.321,0,-0.562469857,1.263702909,4.6996,3.094,-0.656044093,2.203521491,1.601932461,11,3.91430041
6.803505258,6,3,1,1,1.1231,0.1217,0.7176,0.1057,0,0.9787,1.0,0,0.007074914,1.6175648,1.3574,1.9786,-1.645583359,1.951154465,2.225393855,11,0.0
7.313220387,14,2,0,0,1.1316,0.3676,0.7792,-1.0,1,1.0,-1.0,1,-0.433401727,1.466075496,0.9998,3.8755,-1.255266099,1.25506608,2.533557566,11,2.881106748
6.908754779,57,2,0,0,1.0638,0.1216,0.5286,-1.0,1,1.0,-1.0,1,0.111541375,1.913062229,0.3879,3.83,-3.167707538,2.220699834,4.499519314,11,1.646348266
6.741700695,18,4,0,0,1.5392,0.4828,0.842,0.8189,0,0.4696,0.9139,0,-0.188500608,1.644805056,1.9979,4.2472,-1.039023497,1.731120126,2.398306306,11,1.486365915
9.680406499,7,2,0,0,1.0975,0.1146,0.6109,-1.0,1,1.0,-1.0,1,1.808485473,4.534102664,0.2893,2.7416,-3.005782609,1.765491542,3.996104168,11,2.306078982
6.908754779,24,2,9,1,1.0369,0.0848,0.5044,-1.0,1,1.0,-1.0,1,0.529804382,2.053392697,0.8813,1.5031,-3.979231755,3.852874565,4.374242405,11,0.088010877
9.105090961,16,10,0,0,1.5673,0.2119,0.8929,0.8902,0,0.2031,0.4049,0,-0.155251285,1.634247591,3.3219,6.5452,-0.683394889,1.883931798,2.48184857,11,2.916797285
6.64509097,8,2,0,0,1.0377,0.1439,0.5507,-1.0,1,1.0,-1.0,1,0.05694728,1.762502288,0.9331,4.5301,-2.189256408,2.120013505,3.674966146,11,0.0
7.079184395,180,3,0,0,1.5407,0.0456,0.8729,0.83,0,0.5252,1.0,0,0.939303886,3.386672403,1.4725,0.8072,-3.825845309,4.212806946,3.584283171,11,1.498282863
7.890208213,16,2,8,0,1.0273,0.0825,0.7618,-1.0,1,1.0,-1.0,1,0.189131649,1.482649449,1.0,1.77,-0.444725822,0.44472582,0.566058106,11,2.371551297
9.903537551,16,24,0,0,1.3218,0.1885,0.9884,0.9191,0,0.1505,0.2807,0,-0.867500568,1.482149847,4.5603,5.6411,0.273760617,1.243627792,1.190928941,11,3.217354668
9.105090961,40,10,0,0,1.9657,0.1093,0.9207,0.9056,0,0.172,0.3385,0,-1.713687934,1.071583616,3.3219,5.5903,-1.595042032,2.795578941,3.279104928,11,3.091360585
8.920121752,20,2,0,0,1.032,0.2178,0.55,-1.0,1,1.0,-1.0,1,-0.10402807,1.258858638,0.3256,4.6908,-3.53358657,5.079189716,5.072945309,11,1.906129279
5.602118821,13,2,5,1,1.0612,0.1236,0.7384,-1.0,1,1.0,-1.0,1,-0.044997366,1.294562771,0.9902,1.6386,-2.434974281,2.425125948,2.873874168,11,0.277631737
6.34738921,45,3,43,0,1.191,0.751,0.8842,0.3002,0,0.8966,1.0,0,0.640379115,-0.01349059,1.5749,0.8717,-3.307707039,3.761898816,3.127503238,11,1.376244025
7.13169851,28,2,0,0,1.5124,0.3503,0.8869,-1.0,1,1.0,-1.0,1,-0.83609419,0.977611582,0.9453,5.4853,-1.148222789,1.091969846,2.790727908,11,0.377065634
8.517393171,16,26,0,0,1.8795,0.2577,0.8896,0.8489,0,0.168,0.321,0,-0.562469857,1.263702909,4.6996,3.094,-0.656044093,2.203521491,1.601932461,12,2.969901514
6.741700695,18,4,0,0,1.5392,0.4828,0.842,0.8189,0,0.4696,0.9139,0,-0.188500608,1.644805056,1.9979,4.2472,-1.039023497,1.731120126,2.398306306,12,2.569247798
5.602118821,13,2,5,1,1.0612,0.1236,0.7384,-1.0,1,1.0,-1.0,1,-0.044997366,1.294562771,0.9902,1.6386,-2.434974281,2.425125948,2.873874168,12,2.058090216
7.313220387,14,2,0,0,1.1316,0.3676,0.7792,-1.0,1,1.0,-1.0,1,-0.433401727,1.466075496,0.9998,3.8755,-1.255266099,1.25506608,2.533557566,12,0.604862266
7.8559322,56,91,0,0,2.2442,0.217010526,0.9165,0.6818,0,0.5575,0.866,0,1.904433178,4.684870989,4.8787,0.3672,-1.706499625,3.291378416,0.022876819,12,0.0
9.581972892,9,7,0,0,1.6067,0.3558,0.9668,0.6968,0,0.6252,0.9499,0,1.49000101,5.077114431,0.9653,3.4271,-1.09422194,1.058905596,2.223137091,12,0.0
7.74543561,11,7,0,0,4.0014,0.1425,0.976,0.9623,0,0.3098,0.611,0,1.084513364,3.197909561,2.8072,3.0787,-0.404665428,1.436852973,1.284914388,12,0.754712536
7.13169851,28,2,0,0,1.5124,0.3503,0.8869,-1.0,1,1.0,-1.0,1,-0.83609419,0.977611582,0.9453,5.4853,-1.148222789,1.091969846,2.790727908,12,2.362173884
9.105090961,40,10,0,0,1.9657,0.1093,0.9207,0.9056,0,0.172,0.3385,0,-1.713687934,1.071583616,3.3219,5.5903,-1.595042032,2.795578941,3.279104928,12,4.577017595
9.680406499,7,2,0,0,1.0975,0.1146,0.6109,-1.0,1,1.0,-1.0,1,1.808485473,4.534102664,0.2893,2.7416,-3.005782609,1.765491542,3.996104168,12,2.545217497
7.601402335,36,6,0,0,1.297,0.5977,0.9366,0.9332,0,0.3586,0.7146,0,-0.312521362,1.428802933,2.4734,5.5759,-0.057311367,0.962905091,1.590213747,12,2.259886338
6.538139824,14,2,4,0,1.2623,0.1024,0.7713,-1.0,1,1.0,-1.0,1,0.678084303,2.530023409,0.9912,2.3012,-2.18036746,2.171528512,2.96344675,12,1.587805612
8.920121752,20,2,0,0,1.032,0.2178,0.55,-1.0,1,1.0,-1.0,1,-0.10402807,1.258858638,0.3256,4.6908,-3.53358657,5.079189716,5.072945309,12,1.219649284
9.903537551,16,24,0,0,1.3218,0.1885,0.9884,0.9191,0,0.1505,0.2807,0,-0.867500568,1.482149847,4.5603,5.6411,0.273760617,1.243627792,1.190928941,12,3.869219883
7.890208213,16,2,8,0,1.0273,0.0825,0.7618,-1.0,1,1.0,-1.0,1,0.189131649,1.482649449,1.0,1.77,-0.444725822,0.44472582,0.566058106,12,2.353563338
7.079184395,180,3,0,0,1.5407,0.0456,0.8729,0.83,0,0.5252,1.0,0,0.939303886,3.386672403,1.4725,0.8072,-3.825845309,4.212806946,3.584283171,12,2.420101426
6.64509097,8,2,0,0,1.0377,0.1439,0.5507,-1.0,1,1.0,-1.0,1,0.05694728,1.762502288,0.9331,4.5301,-2.189256408,2.120013505,3.674966146,12,1.685287225
9.105090961,16,10,0,0,1.5673,0.2119,0.8929,0.8902,0,0.2031,0.4049,0,-0.155251285,1.634247591,3.3219,6.5452,-0.683394889,1.883931798,2.48184857,12,3.853758097
6.34738921,45,3,43,0,1.191,0.751,0.8842,0.3002,0,0.8966,1.0,0,0.640379115,-0.01349059,1.5749,0.8717,-3.307707039,3.761898816,3.127503238,12,2.217789441
6.803505258,6,3,1,1,1.1231,0.1217,0.7176,0.1057,0,0.9787,1.0,0,0.007074914,1.6175648,1.3574,1.9786,-1.645583359,1.951154465,2.225393855,12,3.310214492
6.908754779,24,2,9,1,1.0369,0.0848,0.5044,-1.0,1,1.0,-1.0,1,0.529804382,2.053392697,0.8813,1.5031,-3.979231755,3.852874565,4.374242405,12,2.559318147
6.908754779,57,2,0,0,1.0638,0.1216,0.5286,-1.0,1,1.0,-1.0,1,0.111541375,1.913062229,0.3879,3.83,-3.167707538,2.220699834,4.499519314,12,0.749999992
7.74543561,11,7,0,0,4.0014,0.1425,0.976,0.9623,0,0.3098,0.611,0,1.084513364,3.197909561,2.8072,3.0787,-0.404665428,1.436852973,1.284914388,13,5.505819222
6.803505258,6,3,1,1,1.1231,0.1217,0.7176,0.1057,0,0.9787,1.0,0,0.007074914,1.6175648,1.3574,1.9786,-1.645583359,1.951154465,2.225393855,13,3.012294362
5.602118821,13,2,5,1,1.0612,0.1236,0.7384,-1.0,1,1.0,-1.0,1,-0.044997366,1.294562771,0.9902,1.6386,-2.434974281,2.425125948,2.873874168,13,1.309143302
9.105090961,40,10,0,0,1.9657,0.1093,0.9207,0.9056,0,0.172,0.3385,0,-1.713687934,1.071583616,3.3219,5.5903,-1.595042032,2.795578941,3.279104928,13,6.392444612
8.517393171,16,26,0,0,1.8795,0.2577,0.8896,0.8489,0,0.168,0.321,0,-0.562469857,1.263702909,4.6996,3.094,-0.656044093,2.203521491,1.601932461,13,5.560143024
6.908754779,57,2,0,0,1.0638,0.1216,0.5286,-1.0,1,1.0,-1.0,1,0.111541375,1.913062229,0.3879,3.83,-3.167707538,2.220699834,4.499519314,13,2.891981573
7.601402335,36,6,0,0,1.297,0.5977,0.9366,0.9332,0,0.3586,0.7146,0,-0.312521362,1.428802933,2.4734,5.5759,-0.057311367,0.962905091,1.590213747,13,4.635321046
7.890208213,16,2,8,0,1.0273,0.0825,0.7618,-1.0,1,1.0,-1.0,1,0.189131649,1.482649449,1.0,1.77,-0.444725822,0.44472582,0.566058106,13,4.392038845
7.13169851,28,2,0,0,1.5124,0.3503,0.8869,-1.0,1,1.0,-1.0,1,-0.83609419,0.977611582,0.9453,5.4853,-1.148222789,1.091969846,2.790727908,13,5.099750567
8.920121752,20,2,0,0,1.032,0.2178,0.55,-1.0,1,1.0,-1.0,1,-0.10402807,1.258858638,0.3256,4.6908,-3.53358657,5.079189716,5.072945309,13,2.595851544
9.903537551,16,24,0,0,1.3218,0.1885,0.9884,0.9191,0,0.1505,0.2807,0,-0.867500568,1.482149847,4.5603,5.6411,0.273760617,1.243627792,1.190928941,13,6.10392902
7.079184395,180,3,0,0,1.5407,0.0456,0.8729,0.83,0,0.5252,1.0,0,0.939303886,3.386672403,1.4725,0.8072,-3.825845309,4.212806946,3.584283171,13,4.346969243
6.64509097,8,2,0,0,1.0377,0.1439,0.5507,-1.0,1,1.0,-1.0,1,0.05694728,1.762502288,0.9331,4.5301,-2.189256408,2.120013505,3.674966146,13,2.246543702
9.105090961,16,10,0,0,1.5673,0.2119,0.8929,0.8902,0,0.2031,0.4049,0,-0.155251285,1.634247591,3.3219,6.5452,-0.683394889,1.883931798,2.48184857,13,5.948979713
6.34738921,45,3,43,0,1.191,0.751,0.8842,0.3002,0,0.8966,1.0,0,0.640379115,-0.01349059,1.5749,0.8717,-3.307707039,3.761898816,3.127503238,13,3.348394176
6.908754779,24,2,9,1,1.0369,0.0848,0.5044,-1.0,1,1.0,-1.0,1,0.529804382,2.053392697,0.8813,1.5031,-3.979231755,3.852874565,4.374242405,13,1.799396896
9.680406499,7,2,0,0,1.0975,0.1146,0.6109,-1.0,1,1.0,-1.0,1,1.808485473,4.534102664,0.2893,2.7416,-3.005782609,1.765491542,3.996104168,13,3.335947496
9.581972892,9,7,0,0,1.6067,0.3558,0.9668,0.6968,0,0.6252,0.9499,0,1.49000101,5.077114431,0.9653,3.4271,-1.09422194,1.058905596,2.223137091,13,7.854313688
7.313220387,14,2,0,0,1.1316,0.3676,0.7792,-1.0,1,1.0,-1.0,1,-0.433401727,1.466075496,0.9998,3.8755,-1.255266099,1.25506608,2.533557566,13,4.557606769
6.538139824,14,2,4,0,1.2623,0.1024,0.7713,-1.0,1,1.0,-1.0,1,0.678084303,2.530023409,0.9912,2.3012,-2.18036746,2.171528512,2.96344675,13,3.22115323
7.8559322,56,91,0,0,2.2442,0.217010526,0.9165,0.6818,0,0.5575,0.866,0,1.904433178,4.684870989,4.8787,0.3672,-1.706499625,3.291378416,0.022876819,13,4.801493262
6.741700695,18,4,0,0,1.5392,0.4828,0.842,0.8189,0,0.4696,0.9139,0,-0.188500608,1.644805056,1.9979,4.2472,-1.039023497,1.731120126,2.398306306,13,3.909499825
9.105090961,40,10,0,0,1.9657,0.1093,0.9207,0.9056,0,0.172,0.3385,0,-1.713687934,1.071583616,3.3219,5.5903,-1.595042032,2.795578941,3.279104928,14,4.583956764
6.538139824,14,2,4,0,1.2623,0.1024,0.7713,-1.0,1,1.0,-1.0,1,0.678084303,2.530023409,0.9912,2.3012,-2.18036746,2.171528512,2.96344675,14,1.414395791
8.517393171,16,26,0,0,1.8795,0.2577,0.8896,0.8489,0,0.168,0.321,0,-0.562469857,1.263702909,4.6996,3.094,-0.656044093,2.203521491,1.601932461,14,2.90875726
6.908754779,57,2,0,0,1.0638,0.1216,0.5286,-1.0,1,1.0,-1.0,1,0.111541375,1.913062229,0.3879,3.83,-3.167707538,2.220699834,4.499519314,14,0.246078523
7.601402335,36,6,0,0,1.297,0.5977,0.9366,0.9332,0,0.3586,0.7146,0,-0.312521362,1.428802933,2.4734,5.5759,-0.057311367,0.962905091,1.590213747,14,2.210689078
7.74543561,11,7,0,0,4.0014,0.1425,0.976,0.9623,0,0.3098,0.611,0,1.084513364,3.197909561,2.8072,3.0787,-0.404665428,1.436852973,1.284914388,14,0.612479277
9.581972892,9,7,0,0,1.6067,0.3558,0.9668,0.6968,0,0.6252,0.9499,0,1.49000101,5.077114431,0.9653,3.4271,-1.09422194,1.058905596,2.223137091,14,0.790273891
7.8559322,56,91,0,0,2.2442,0.217010526,0.9165,0.6818,0,0.5575,0.866,0,1.904433178,4.684870989,4.8787,0.3672,-1.706499625,3.291378416,0.022876819,14,2.766884987
7.313220387,14,2,0,0,1.1316,0.3676,0.7792,-1.0,1,1.0,-1.0,1,-0.433401727,1.466075496,0.9998,3.8755,-1.255266099,1.25506608,2.533557566,14,0.1889661
6.741700695,18,4,0,0,1.5392,0.4828,0.842,0.8189,0,0.4696,0.9139,0,-0.188500608,1.644805056,1.9979,4.2472,-1.039023497,1.731120126,2.398306306,14,2.384717923
9.680406499,7,2,0,0,1.0975,0.1146,0.6109,-1.0,1,1.0,-1.0,1,1.808485473,4.534102664,0.2893,2.7416,-3.005782609,1.765491542,3.996104168,14,2.107542972
8.920121752,20,2,0,0,1.032,0.2178,0.55,-1.0,1,1.0,-1.0,1,-0.10402807,1.258858638,0.3256,4.6908,-3.53358657,5.079189716,5.072945309,14,0.0
9.903537551,16,24,0,0,1.3218,0.1885,0.9884,0.9191,0,0.1505,0.2807,0,-0.867500568,1.482149847,4.5603,5.6411,0.273760617,1.243627792,1.190928941,14,3.732585286
7.890208213,16,2,8,0,1.0273,0.0825,0.7618,-1.0,1,1.0,-1.0,1,0.189131649,1.482649449,1.0,1.77,-0.444725822,0.44472582,0.566058106,14,2.238579763
7.079184395,180,3,0,0,1.5407,0.0456,0.8729,0.83,0,0.5252,1.0,0,0.939303886,3.386672403,1.4725,0.8072,-3.825845309,4.212806946,3.584283171,14,2.339784534
6.64509097,8,2,0,0,1.0377,0.1439,0.5507,-1.0,1,1.0,-1.0,1,0.05694728,1.762502288,0.9331,4.5301,-2.189256408,2.120013505,3.674966146,14,1.434131691
9.105090961,16,10,0,0,1.5673,0.2119,0.8929,0.8902,0,0.2031,0.4049,0,-0.155251285,1.634247591,3.3219,6.5452,-0.683394889,1.883931798,2.48184857,14,3.75391785
6.908754779,24,2,9,1,1.0369,0.0848,0.5044,-1.0,1,1.0,-1.0,1,0.529804382,2.053392697,0.8813,1.5031,-3.979231755,3.852874565,4.374242405,14,2.131915389
6.34738921,45,3,43,0,1.191,0.751,0.8842,0.3002,0,0.8966,1.0,0,0.640379115,-0.01349059,1.5749,0.8717,-3.307707039,3.761898816,3.127503238,14,2.062295383
6.803505258,6,3,1,1,1.1231,0.1217,0.7176,0.1057,0,0.9787,1.0,0,0.007074914,1.6175648,1.3574,1.9786,-1.645583359,1.951154465,2.225393855,14,1.50385515
5.602118821,13,2,5,1,1.0612,0.1236,0.7384,-1.0,1,1.0,-1.0,1,-0.044997366,1.294562771,0.9902,1.6386,-2.434974281,2.425125948,2.873874168,14,1.165959362
7.13169851,28,2,0,0,1.5124,0.3503,0.8869,-1.0,1,1.0,-1.0,1,-0.83609419,0.977611582,0.9453,5.4853,-1.148222789,1.091969846,2.790727908,14,2.483822729
7.8559322,56,91,0,0,2.2442,0.217010526,0.9165,0.6818,0,0.5575,0.866,0,1.904433178,4.684870989,4.8787,0.3672,-1.706499625,3.291378416,0.022876819,15,3.868217398
6.741700695,18,4,0,0,1.5392,0.4828,0.842,0.8189,0,0.4696,0.9139,0,-0.188500608,1.644805056,1.9979,4.2472,-1.039023497,1.731120126,2.398306306,15,3.533248513
7.313220387,14,2,0,0,1.1316,0.3676,0.7792,-1.0,1,1.0,-1.0,1,-0.433401727,1.466075496,0.9998,3.8755,-1.255266099,1.25506608,2.533557566,15,2.915497881
9.581972892,9,7,0,0,1.6067,0.3558,0.9668,0.6968,0,0.6252,0.9499,0,1.49000101,5.077114431,0.9653,3.4271,-1.09422194,1.058905596,2.223137091,15,6.294703112
6.803505258,6,3,1,1,1.1231,0.1217,0.7176,0.1057,0,0.9787,1.0,0,0.007074914,1.6175648,1.3574,1.9786,-1.645583359,1.951154465,2.225393855,15,1.691939134
7.601402335,36,6,0,0,1.297,0.5977,0.9366,0.9332,0,0.3586,0.7146,0,-0.312521362,1.428802933,2.4734,5.5759,-0.057311367,0.962905091,1.590213747,15,3.420215387
6.538139824,14,2,4,0,1.2623,0.1024,0.7713,-1.0,1,1.0,-1.0,1,0.678084303,2.530023409,0.9912,2.3012,-2.18036746,2.171528512,2.96344675,15,0.938834696
7.13169851,28,2,0,0,1.5124,0.3503,0.8869,-1.0,1,1.0,-1.0,1,-0.83609419,0.977611582,0.9453,5.4853,-1.148222789,1.091969846,2.790727908,15,3.282301227
8.920121752,20,2,0,0,1.032,0.2178,0.55,-1.0,1,1.0,-1.0,1,-0.10402807,1.258858638,0.3256,4.6908,-3.53358657,5.079189716,5.072945309,15,3.069029203
9.903537551,16,24,0,0,1.3218,0.1885,0.9884,0.9191,0,0.1505,0.2807,0,-0.867500568,1.482149847,4.5603,5.6411,0.273760617,1.243627792,1.190928941,15,4.81510691
7.890208213,16,2,8,0,1.0273,0.0825,0.7618,-1.0,1,1.0,-1.0,1,0.189131649,1.482649449,1.0,1.77,-0.444725822,0.44472582,0.566058106,15,2.739225819
7.079184395,180,3,0,0,1.5407,0.0456,0.8729,0.83,0,0.5252,1.0,0,0.939303886,3.386672403,1.4725,0.8072,-3.825845309,4.212806946,3.584283171,15,1.738534486
6.64509097,8,2,0,0,1.0377,0.1439,0.5507,-1.0,1,1.0,-1.0,1,0.05694728,1.762502288,0.9331,4.5301,-2.189256408,2.120013505,3.674966146,15,1.279822117
9.105090961,16,10,0,0,1.5673,0.2119,0.8929,0.8902,0,0.2031,0.4049,0,-0.155251285,1.634247591,3.3219,6.5452,-0.683394889,1.883931798,2.48184857,15,4.435283001
6.34738921,45,3,43,0,1.191,0.751,0.8842,0.3002,0,0.8966,1.0,0,0.640379115,-0.01349059,1.5749,0.8717,-3.307707039,3.761898816,3.127503238,15,1.987600338
6.908754779,24,2,9,1,1.0369,0.0848,0.5044,-1.0,1,1.0,-1.0,1,0.529804382,2.053392697,0.8813,1.5031,-3.979231755,3.852874565,4.374242405,15,1.814498956
5.602118821,13,2,5,1,1.0612,0.1236,0.7384,-1.0,1,1.0,-1.0,1,-0.044997366,1.294562771,0.9902,1.6386,-2.434974281,2.425125948,2.873874168,15,0.0
9.680406499,7,2,0,0,1.0975,0.1146,0.6109,-1.0,1,1.0,-1.0,1,1.808485473,4.534102664,0.2893,2.7416,-3.005782609,1.765491542,3.996104168,15,3.08103803
9.105090961,40,10,0,0,1.9657,0.1093,0.9207,0.9056,0,0.172,0.3385,0,-1.713687934,1.071583616,3.3219,5.5903,-1.595042032,2.795578941,3.279104928,15,4.931296228
8.517393171,16,26,0,0,1.8795,0.2577,0.8896,0.8489,0,0.168,0.321,0,-0.562469857,1.263702909,4.6996,3.094,-0.656044093,2.203521491,1.601932461,15,4.90779752
6.908754779,57,2,0,0,1.0638,0.1216,0.5286,-1.0,1,1.0,-1.0,1,0.111541375,1.913062229,0.3879,3.83,-3.167707538,2.220699834,4.499519314,15,3.100857762
7.74543561,11,7,0,0,4.0014,0.1425,0.976,0.9623,0,0.3098,0.611,0,1.084513364,3.197909561,2.8072,3.0787,-0.404665428,1.436852973,1.284914388,15,4.207836925
7.313220387,14,2,0,0,1.1316,0.3676,0.7792,-1.0,1,1.0,-1.0,1,-0.433401727,1.466075496,0.9998,3.8755,-1.255266099,1.25506608,2.533557566,16,1.308873214
7.8559322,56,91,0,0,2.2442,0.217010526,0.9165,0.6818,0,0.5575,0.866,0,1.904433178,4.684870989,4.8787,0.3672,-1.706499625,3.291378416,0.022876819,16,1.844510035
6.538139824,14,2,4,0,1.2623,0.1024,0.7713,-1.0,1,1.0,-1.0,1,0.678084303,2.530023409,0.9912,2.3012,-2.18036746,2.171528512,2.96344675,16,1.053614923
9.581972892,9,7,0,0,1.6067,0.3558,0.9668,0.6968,0,0.6252,0.9499,0,1.49000101,5.077114431,0.9653,3.4271,-1.09422194,1.058905596,2.223137091,16,2.471314696
7.74543561,11,7,0,0,4.0014,0.1425,0.976,0.9623,0,0.3098,0.611,0,1.084513364,3.197909561,2.8072,3.0787,-0.404665428,1.436852973,1.284914388,16,1.339464774
7.601402335,36,6,0,0,1.297,0.5977,0.9366,0.9332,0,0.3586,0.7146,0,-0.312521362,1.428802933,2.4734,5.5759,-0.057311367,0.962905091,1.590213747,16,2.259886338
6.908754779,57,2,0,0,1.0638,0.1216,0.5286,-1.0,1,1.0,-1.0,1,0.111541375,1.913062229,0.3879,3.83,-3.167707538,2.220699834,4.499519314,16,0.87380068
8.517393171,16,26,0,0,1.8795,0.2577,0.8896,0.8489,0,0.168,0.321,0,-0.562469857,1.263702909,4.6996,3.094,-0.656044093,2.203521491,1.601932461,16,3.027521596
9.105090961,40,10,0,0,1.9657,0.1093,0.9207,0.9056,0,0.172,0.3385,0,-1.713687934,1.071583616,3.3219,5.5903,-1.595042032,2.795578941,3.279104928,16,4.695202828
6.741700695,18,4,0,0,1.5392,0.4828,0.842,0.8189,0,0.4696,0.9139,0,-0.188500608,1.644805056,1.9979,4.2472,-1.039023497,1.731120126,2.398306306,16,2.34650628
6.803505258,6,3,1,1,1.1231,0.1217,0.7176,0.1057,0,0.9787,1.0,0,0.007074914,1.6175648,1.3574,1.9786,-1.645583359,1.951154465,2.225393855,16,3.887955697
6.908754779,24,2,9,1,1.0369,0.0848,0.5044,-1.0,1,1.0,-1.0,1,0.529804382,2.053392697,0.8813,1.5031,-3.979231755,3.852874565,4.374242405,16,2.691988568
5.602118821,13,2,5,1,1.0612,0.1236,0.7384,-1.0,1,1.0,-1.0,1,-0.044997366,1.294562771,0.9902,1.6386,-2.434974281,2.425125948,2.873874168,16,1.933837568
9.105090961,16,10,0,0,1.5673,0.2119,0.8929,0.8902,0,0.2031,0.4049,0,-0.155251285,1.634247591,3.3219,6.5452,-0.683394889,1.883931798,2.48184857,16,3.844215146
6.64509097,8,2,0,0,1.0377,0.1439,0.5507,-1.0,1,1.0,-1.0,1,0.05694728,1.762502288,0.9331,4.5301,-2.189256408,2.120013505,3.674966146,16,1.418035247
7.079184395,180,3,0,0,1.5407,0.0456,0.8729,0.83,0,0.5252,1.0,0,0.939303886,3.386672403,1.4725,0.8072,-3.825845309,4.212806946,3.584283171,16,1.957132655
7.890208213,16,2,8,0,1.0273,0.0825,0.7618,-1.0,1,1.0,-1.0,1,0.189131649,1.482649449,1.0,1.77,-0.444725822,0.44472582,0.566058106,16,0.0
9.903537551,16,24,0,0,1.3218,0.1885,0.9884,0.9191,0,0.1505,0.2807,0,-0.867500568,1.482149847,4.5603,5.6411,0.273760617,1.243627792,1.190928941,16,3.858516738
8.920121752,20,2,0,0,1.032,0.2178,0.55,-1.0,1,1.0,-1.0,1,-0.10402807,1.258858638,0.3256,4.6908,-3.53358657,5.079189716,5.072945309,16,0.669878554
7.13169851,28,2,0,0,1.5124,0.3503,0.8869,-1.0,1,1.0,-1.0,1,-0.83609419,0.977611582,0.9453,5.4853,-1.148222789,1.091969846,2.790727908,16,2.807352402
9.680406499,7,2,0,0,1.0975,0.1146,0.6109,-1.0,1,1.0,-1.0,1,1.808485473,4.534102664,0.2893,2.7416,-3.005782609,1.765491542,3.996104168,16,1.032116297
6.34738921,45,3,43,0,1.191,0.751,0.8842,0.3002,0,0.8966,1.0,0,0.640379115,-0.01349059,1.5749,0.8717,-3.307707039,3.761898816,3.127503238,16,2.224623552
6.538139824,14,2,4,0,1.2623,0.1024,0.7713,-1.0,1,1.0,-1.0,1,0.678084303,2.530023409,0.9912,2.3012,-2.18036746,2.171528512,2.96344675,17,1.026399955
9.903537551,16,24,0,0,1.3218,0.1885,0.9884,0.9191,0,0.1505,0.2807,0,-0.867500568,1.482149847,4.5603,5.6411,0.273760617,1.243627792,1.190928941,17,6.148483253
9.680406499,7,2,0,0,1.0975,0.1146,0.6109,-1.0,1,1.0,-1.0,1,1.808485473,4.534102664,0.2893,2.7416,-3.005782609,1.765491542,3.996104168,17,1.311301382
7.13169851,28,2,0,0,1.5124,0.3503,0.8869,-1.0,1,1.0,-1.0,1,-0.83609419,0.977611582,0.9453,5.4853,-1.148222789,1.091969846,2.790727908,17,1.797741541
8.920121752,20,2,0,0,1.032,0.2178,0.55,-1.0,1,1.0,-1.0,1,-0.10402807,1.258858638,0.3256,4.6908,-3.53358657,5.079189716,5.072945309,17,1.666762979
7.890208213,16,2,8,0,1.0273,0.0825,0.7618,-1.0,1,1.0,-1.0,1,0.189131649,1.482649449,1.0,1.77,-0.444725822,0.44472582,0.566058106,17,2.371551297
6.803505258,6,3,1,1,1.1231,0.1217,0.7176,0.1057,0,0.9787,1.0,0,0.007074914,1.6175648,1.3574,1.9786,-1.645583359,1.951154465,2.225393855,17,1.292258369
6.64509097,8,2,0,0,1.0377,0.1439,0.5507,-1.0,1,1.0,-1.0,1,0.05694728,1.762502288,0.9331,4.5301,-2.189256408,2.120013505,3.674966146,17,0.979828753
7.079184395,180,3,0,0,1.5407,0.0456,0.8729,0.83,0,0.5252,1.0,0,0.939303886,3.386672403,1.4725,0.8072,-3.825845309,4.212806946,3.584283171,17,2.215173636
7.313220387,14,2,0,0,1.1316,0.3676,0.7792,-1.0,1,1.0,-1.0,1,-0.433401727,1.466075496,0.9998,3.8755,-1.255266099,1.25506608,2.533557566,17,1.949759872
7.8559322,56,91,0,0,2.2442,0.217010526,0.9165,0.6818,0,0.5575,0.866,0,1.904433178,4.684870989,4.8787,0.3672,-1.706499625,3.291378416,0.022876819,17,5.090764152
9.581972892,9,7,0,0,1.6067,0.3558,0.9668,0.6968,0,0.6252,0.9499,0,1.49000101,5.077114431,0.9653,3.4271,-1.09422194,1.058905596,2.223137091,17,3.943075837
7.74543561,11,7,0,0,4.0014,0.1425,0.976,0.9623,0,0.3098,0.611,0,1.084513364,3.197909561,2.8072,3.0787,-0.404665428,1.436852973,1.284914388,17,2.049240033
7.601402335,36,6,0,0,1.297,0.5977,0.9366,0.9332,0,0.3586,0.7146,0,-0.312521362,1.428802933,2.4734,5.5759,-0.057311367,0.962905091,1.590213747,17,2.066356302
6.908754779,57,2,0,0,1.0638,0.1216,0.5286,-1.0,1,1.0,-1.0,1,0.111541375,1.913062229,0.3879,3.83,-3.167707538,2.220699834,4.499519314,17,1.256470373
8.517393171,16,26,0,0,1.8795,0.2577,0.8896,0.8489,0,0.168,0.321,0,-0.562469857,1.263702909,4.6996,3.094,-0.656044093,2.203521491,1.601932461,17,4.343571628
9.105090961,40,10,0,0,1.9657,0.1093,0.9207,0.9056,0,0.172,0.3385,0,-1.713687934,1.071583616,3.3219,5.5903,-1.595042032,2.795578941,3.279104928,17,3.027763744
6.741700695,18,4,0,0,1.5392,0.4828,0.842,0.8189,0,0.4696,0.9139,0,-0.188500608,1.644805056,1.9979,4.2472,-1.039023497,1.731120126,2.398306306,17,1.730415839
5.602118821,13,2,5,1,1.0612,0.1236,0.7384,-1.0,1,1.0,-1.0,1,-0.044997366,1.294562771,0.9902,1.6386,-2.434974281,2.425125948,2.873874168,17,1.362769816
9.105090961,16,10,0,0,1.5673,0.2119,0.8929,0.8902,0,0.2031,0.4049,0,-0.155251285,1.634247591,3.3219,6.5452,-0.683394889,1.883931798,2.48184857,17,2.759503483
6.34738921,45,3,43,0,1.191,0.751,0.8842,0.3002,0,0.8966,1.0,0,0.640379115,-0.01349059,1.5749,0.8717,-3.307707039,3.761898816,3.127503238,17,1.481831788
6.908754779,24,2,9,1,1.0369,0.0848,0.5044,-1.0,1,1.0,-1.0,1,0.529804382,2.053392697,0.8813,1.5031,-3.979231755,3.852874565,4.374242405,17,2.109970747
6.908754779,24,2,9,1,1.0369,0.0848,0.5044,-1.0,1,1.0,-1.0,1,0.529804382,2.053392697,0.8813,1.5031,-3.979231755,3.852874565,4.374242405,18,0.915490412
9.105090961,16,10,0,0,1.5673,0.2119,0.8929,0.8902,0,0.2031,0.4049,0,-0.155251285,1.634247591,3.3219,6.5452,-0.683394889,1.883931798,2.48184857,18,2.343055026
6.64509097,8,2,0,0,1.0377,0.1439,0.5507,-1.0,1,1.0,-1.0,1,0.05694728,1.762502288,0.9331,4.5301,-2.189256408,2.120013505,3.674966146,18,1.823419622
7.079184395,180,3,0,0,1.5407,0.0456,0.8729,0.83,0,0.5252,1.0,0,0.939303886,3.386672403,1.4725,0.8072,-3.825845309,4.212806946,3.584283171,18,1.329459424
7.8559322,56,91,0,0,2.2442,0.217010526,0.9165,0.6818,0,0.5575,0.866,0,1.904433178,4.684870989,4.8787,0.3672,-1.706499625,3.291378416,0.022876819,18,5.090764152
7.313220387,14,2,0,0,1.1316,0.3676,0.7792,-1.0,1,1.0,-1.0,1,-0.433401727,1.466075496,0.9998,3.8755,-1.255266099,1.25506608,2.533557566,18,1.679709965
6.741700695,18,4,0,0,1.5392,0.4828,0.842,0.8189,0,0.4696,0.9139,0,-0.188500608,1.644805056,1.9979,4.2472,-1.039023497,1.731120126,2.398306306,18,1.055704788
6.908754779,57,2,0,0,1.0638,0.1216,0.5286,-1.0,1,1.0,-1.0,1,0.111541375,1.913062229,0.3879,3.83,-3.167707538,2.220699834,4.499519314,18,2.295862547
5.602118821,13,2,5,1,1.0612,0.1236,0.7384,-1.0,1,1.0,-1.0,1,-0.044997366,1.294562771,0.9902,1.6386,-2.434974281,2.425125948,2.873874168,18,0.392042088
6.803505258,6,3,1,1,1.1231,0.1217,0.7176,0.1057,0,0.9787,1.0,0,0.007074914,1.6175648,1.3574,1.9786,-1.645583359,1.951154465,2.225393855,18,2.425775704
6.34738921,45,3,43,0,1.191,0.751,0.8842,0.3002,0,0.8966,1.0,0,0.640379115,-0.01349059,1.5749,0.8717,-3.307707039,3.761898816,3.127503238,18,2.43282357
6.538139824,14,2,4,0,1.2623,0.1024,0.7713,-1.0,1,1.0,-1.0,1,0.678084303,2.530023409,0.9912,2.3012,-2.18036746,2.171528512,2.96344675,18,1.864080131
9.680406499,7,2,0,0,1.0975,0.1146,0.6109,-1.0,1,1.0,-1.0,1,1.808485473,4.534102664,0.2893,2.7416,-3.005782609,1.765491542,3.996104168,18,2.392334385
7.13169851,28,2,0,0,1.5124,0.3503,0.8869,-1.0,1,1.0,-1.0,1,-0.83609419,0.977611582,0.9453,5.4853,-1.148222789,1.091969846,2.790727908,18,2.912187608
8.920121752,20,2,0,0,1.032,0.2178,0.55,-1.0,1,1.0,-1.0,1,-0.10402807,1.258858638,0.3256,4.6908,-3.53358657,5.079189716,5.072945309,18,0.888713964
7.601402335,36,6,0,0,1.297,0.5977,0.9366,0.9332,0,0.3586,0.7146,0,-0.312521362,1.428802933,2.4734,5.5759,-0.057311367,0.962905091,1.590213747,18,1.920299258
9.903537551,16,24,0,0,1.3218,0.1885,0.9884,0.9191,0,0.1505,0.2807,0,-0.867500568,1.482149847,4.5603,5.6411,0.273760617,1.243627792,1.190928941,18,4.467768456
7.890208213,16,2,8,0,1.0273,0.0825,0.7618,-1.0,1,1.0,-1.0,1,0.189131649,1.482649449,1.0,1.77,-0.444725822,0.44472582,0.566058106,18,2.898229692
8.517393171,16,26,0,0,1.8795,0.2577,0.8896,0.8489,0,0.168,0.321,0,-0.562469857,1.263702909,4.6996,3.094,-0.656044093,2.203521491,1.601932461,18,0.0
9.105090961,40,10,0,0,1.9657,0.1093,0.9207,0.9056,0,0.172,0.3385,0,-1.713687934,1.071583616,3.3219,5.5903,-1.595042032,2.795578941,3.279104928,18,1.311301382
7.74543561,11,7,0,0,4.0014,0.1425,0.976,0.9623,0,0.3098,0.611,0,1.084513364,3.197909561,2.8072,3.0787,-0.404665428,1.436852973,1.284914388,18,0.0
9.581972892,9,7,0,0,1.6067,0.3558,0.9668,0.6968,0,0.6252,0.9499,0,1.49000101,5.077114431,0.9653,3.4271,-1.09422194,1.058905596,2.223137091,18,4.602626955
9.581972892,9,7,0,0,1.6067,0.3558,0.9668,0.6968,0,0.6252,0.9499,0,1.49000101,5.077114431,0.9653,3.4271,-1.09422194,1.058905596,2.223137091,19,2.243896097
6.538139824,14,2,4,0,1.2623,0.1024,0.7713,-1.0,1,1.0,-1.0,1,0.678084303,2.530023409,0.9912,2.3012,-2.18036746,2.171528512,2.96344675,19,0.737164066
7.13169851,28,2,0,0,1.5124,0.3503,0.8869,-1.0,1,1.0,-1.0,1,-0.83609419,0.977611582,0.9453,5.4853,-1.148222789,1.091969846,2.790727908,19,2.626044457
8.920121752,20,2,0,0,1.032,0.2178,0.55,-1.0,1,1.0,-1.0,1,-0.10402807,1.258858638,0.3256,4.6908,-3.53358657,5.079189716,5.072945309,19,6.135562727
9.903537551,16,24,0,0,1.3218,0.1885,0.9884,0.9191,0,0.1505,0.2807,0,-0.867500568,1.482149847,4.5603,5.6411,0.273760617,1.243627792,1.190928941,19,6.148483253
7.890208213,16,2,8,0,1.0273,0.0825,0.7618,-1.0,1,1.0,-1.0,1,0.189131649,1.482649449,1.0,1.77,-0.444725822,0.44472582,0.566058106,19,2.353563338
7.079184395,180,3,0,0,1.5407,0.0456,0.8729,0.83,0,0.5252,1.0,0,0.939303886,3.386672403,1.4725,0.8072,-3.825845309,4.212806946,3.584283171,19,2.156634038
6.64509097,8,2,0,0,1.0377,0.1439,0.5507,-1.0,1,1.0,-1.0,1,0.05694728,1.762502288,0.9331,4.5301,-2.189256408,2.120013505,3.674966146,19,1.141033005
9.105090961,16,10,0,0,1.5673,0.2119,0.8929,0.8902,0,0.2031,0.4049,0,-0.155251285,1.634247591,3.3219,6.5452,-0.683394889,1.883931798,2.48184857,19,3.944548277
6.34738921,45,3,43,0,1.191,0.751,0.8842,0.3002,0,0.8966,1.0,0,0.640379115,-0.01349059,1.5749,0.8717,-3.307707039,3.761898816,3.127503238,19,2.309362077
6.908754779,24,2,9,1,1.0369,0.0848,0.5044,-1.0,1,1.0,-1.0,1,0.529804382,2.053392697,0.8813,1.5031,-3.979231755,3.852874565,4.374242405,19,1.219353906
7.74543561,11,7,0,0,4.0014,0.1425,0.976,0.9623,0,0.3098,0.611,0,1.084513364,3.197909561,2.8072,3.0787,-0.404665428,1.436852973,1.284914388,19,1.339464774
6.803505258,6,3,1,1,1.1231,0.1217,0.7176,0.1057,0,0.9787,1.0,0,0.007074914,1.6175648,1.3574,1.9786,-1.645583359,1.951154465,2.225393855,19,1.026041596
9.105090961,40,10,0,0,1.9657,0.1093,0.9207,0.9056,0,0.172,0.3385,0,-1.713687934,1.071583616,3.3219,5.5903,-1.595042032,2.795578941,3.279104928,19,6.499904327
8.517393171,16,26,0,0,1.8795,0.2577,0.8896,0.8489,0,0.168,0.321,0,-0.562469857,1.263702909,4.6996,3.094,-0.656044093,2.203521491,1.601932461,19,5.603652699
6.908754779,57,2,0,0,1.0638,0.1216,0.5286,-1.0,1,1.0,-1.0,1,0.111541375,1.913062229,0.3879,3.83,-3.167707538,2.220699834,4.499519314,19,1.256470373
7.601402335,36,6,0,0,1.297,0.5977,0.9366,0.9332,0,0.3586,0.7146,0,-0.312521362,1.428802933,2.4734,5.5759,-0.057311367,0.962905091,1.590213747,19,2.046789209
9.680406499,7,2,0,0,1.0975,0.1146,0.6109,-1.0,1,1.0,-1.0,1,1.808485473,4.534102664,0.2893,2.7416,-3.005782609,1.765491542,3.996104168,19,6.787211185
6.741700695,18,4,0,0,1.5392,0.4828,0.842,0.8189,0,0.4696,0.9139,0,-0.188500608,1.644805056,1.9979,4.2472,-1.039023497,1.731120126,2.398306306,19,2.069896129
7.313220387,14,2,0,0,1.1316,0.3676,0.7792,-1.0,1,1.0,-1.0,1,-0.433401727,1.466075496,0.9998,3.8755,-1.255266099,1.25506608,2.533557566,19,0.712459492
7.8559322,56,91,0,0,2.2442,0.217010526,0.9165,0.6818,0,0.5575,0.866,0,1.904433178,4.684870989,4.8787,0.3672,-1.706499625,3.291378416,0.022876819,19,5.090764152
5.602118821,13,2,5,1,1.0612,0.1236,0.7384,-1.0,1,1.0,-1.0,1,-0.044997366,1.294562771,0.9902,1.6386,-2.434974281,2.425125948,2.873874168,19,0.757998153
6.741700695,18,4,0,0,1.5392,0.4828,0.842,0.8189,0,0.4696,0.9139,0,-0.188500608,1.644805056,1.9979,4.2472,-1.039023497,1.731120126,2.398306306,20,2.664376923
7.313220387,14,2,0,0,1.1316,0.3676,0.7792,-1.0,1,1.0,-1.0,1,-0.433401727,1.466075496,0.9998,3.8755,-1.255266099,1.25506608,2.533557566,20,0.0
9.581972892,9,7,0,0,1.6067,0.3558,0.9668,0.6968,0,0.6252,0.9499,0,1.49000101,5.077114431,0.9653,3.4271,-1.09422194,1.058905596,2.223137091,20,1.226125609
7.74543561,11,7,0,0,4.0014,0.1425,0.976,0.9623,0,0.3098,0.611,0,1.084513364,3.197909561,2.8072,3.0787,-0.404665428,1.436852973,1.284914388,20,1.539659018
7.601402335,36,6,0,0,1.297,0.5977,0.9366,0.9332,0,0.3586,0.7146,0,-0.312521362,1.428802933,2.4734,5.5759,-0.057311367,0.962905091,1.590213747,20,2.259886338
6.908754779,57,2,0,0,1.0638,0.1216,0.5286,-1.0,1,1.0,-1.0,1,0.111541375,1.913062229,0.3879,3.83,-3.167707538,2.220699834,4.499519314,20,1.470175845
9.105090961,40,10,0,0,1.9657,0.1093,0.9207,0.9056,0,0.172,0.3385,0,-1.713687934,1.071583616,3.3219,5.5903,-1.595042032,2.795578941,3.279104928,20,4.695202828
8.517393171,16,26,0,0,1.8795,0.2577,0.8896,0.8489,0,0.168,0.321,0,-0.562469857,1.263702909,4.6996,3.094,-0.656044093,2.203521491,1.601932461,20,2.755823976
8.920121752,20,2,0,0,1.032,0.2178,0.55,-1.0,1,1.0,-1.0,1,-0.10402807,1.258858638,0.3256,4.6908,-3.53358657,5.079189716,5.072945309,20,1.572358904
6.908754779,24,2,9,1,1.0369,0.0848,0.5044,-1.0,1,1.0,-1.0,1,0.529804382,2.053392697,0.8813,1.5031,-3.979231755,3.852874565,4.374242405,20,2.381118971
9.105090961,16,10,0,0,1.5673,0.2119,0.8929,0.8902,0,0.2031,0.4049,0,-0.155251285,1.634247591,3.3219,6.5452,-0.683394889,1.883931798,2.48184857,20,3.688829453
6.64509097,8,2,0,0,1.0377,0.1439,0.5507,-1.0,1,1.0,-1.0,1,0.05694728,1.762502288,0.9331,4.5301,-2.189256408,2.120013505,3.674966146,20,1.685287225
7.079184395,180,3,0,0,1.5407,0.0456,0.8729,0.83,0,0.5252,1.0,0,0.939303886,3.386672403,1.4725,0.8072,-3.825845309,4.212806946,3.584283171,20,2.339784534
7.890208213,16,2,8,0,1.0273,0.0825,0.7618,-1.0,1,1.0,-1.0,1,0.189131649,1.482649449,1.0,1.77,-0.444725822,0.44472582,0.566058106,20,2.406494556
9.903537551,16,24,0,0,1.3218,0.1885,0.9884,0.9191,0,0.1505,0.2807,0,-0.867500568,1.482149847,4.5603,5.6411,0.273760617,1.243627792,1.190928941,20,3.545268865
5.602118821,13,2,5,1,1.0612,0.1236,0.7384,-1.0,1,1.0,-1.0,1,-0.044997366,1.294562771,0.9902,1.6386,-2.434974281,2.425125948,2.873874168,20,1.903896969
7.13169851,28,2,0,0,1.5124,0.3503,0.8869,-1.0,1,1.0,-1.0,1,-0.83609419,0.977611582,0.9453,5.4853,-1.148222789,1.091969846,2.790727908,20,2.557459842
9.680406499,7,2,0,0,1.0975,0.1146,0.6109,-1.0,1,1.0,-1.0,1,1.808485473,4.534102664,0.2893,2.7416,-3.005782609,1.765491542,3.996104168,20,2.471652534
6.538139824,14,2,4,0,1.2623,0.1024,0.7713,-1.0,1,1.0,-1.0,1,0.678084303,2.530023409,0.9912,2.3012,-2.18036746,2.171528512,2.96344675,20,1.899566989
7.8559322,56,91,0,0,2.2442,0.217010526,0.9165,0.6818,0,0.5575,0.866,0,1.904433178,4.684870989,4.8787,0.3672,-1.706499625,3.291378416,0.022876819,20,1.925270028
6.803505258,6,3,1,1,1.1231,0.1217,0.7176,0.1057,0,0.9787,1.0,0,0.007074914,1.6175648,1.3574,1.9786,-1.645583359,1.951154465,2.225393855,20,3.307765437
6.34738921,45,3,43,0,1.191,0.751,0.8842,0.3002,0,0.8966,1.0,0,0.640379115,-0.01349059,1.5749,0.8717,-3.307707039,3.761898816,3.127503238,20,2.512521817
7.74543561,11,7,0,0,4.0014,0.1425,0.976,0.9623,0,0.3098,0.611,0,1.084513364,3.197909561,2.8072,3.0787,-0.404665428,1.436852973,1.284914388,21,3.182336314
9.581972892,9,7,0,0,1.6067,0.3558,0.9668,0.6968,0,0.6252,0.9499,0,1.49000101,5.077114431,0.9653,3.4271,-1.09422194,1.058905596,2.223137091,21,6.125556095
7.8559322,56,91,0,0,2.2442,0.217010526,0.9165,0.6818,0,0.5575,0.866,0,1.904433178,4.684870989,4.8787,0.3672,-1.706499625,3.291378416,0.022876819,21,5.090764152
7.313220387,14,2,0,0,1.1316,0.3676,0.7792,-1.0,1,1.0,-1.0,1,-0.433401727,1.466075496,0.9998,3.8755,-1.255266099,1.25506608,2.533557566,21,3.090633279
6.741700695,18,4,0,0,1.5392,0.4828,0.842,0.8189,0,0.4696,0.9139,0,-0.188500608,1.644805056,1.9979,4.2472,-1.039023497,1.731120126,2.398306306,21,3.398426881
9.105090961,16,10,0,0,1.5673,0.2119,0.8929,0.8902,0,0.2031,0.4049,0,-0.155251285,1.634247591,3.3219,6.5452,-0.683394889,1.883931798,2.48184857,21,4.027759504
6.64509097,8,2,0,0,1.0377,0.1439,0.5507,-1.0,1,1.0,-1.0,1,0.05694728,1.762502288,0.9331,4.5301,-2.189256408,2.120013505,3.674966146,21,1.202972304
7.079184395,180,3,0,0,1.5407,0.0456,0.8729,0.83,0,0.5252,1.0,0,0.939303886,3.386672403,1.4725,0.8072,-3.825845309,4.212806946,3.584283171,21,1.85379486
7.890208213,16,2,8,0,1.0273,0.0825,0.7618,-1.0,1,1.0,-1.0,1,0.189131649,1.482649449,1.0,1.77,-0.444725822,0.44472582,0.566058106,21,2.131559496
9.903537551,16,24,0,0,1.3218,0.1885,0.9884,0.9191,0,0.1505,0.2807,0,-0.867500568,1.482149847,4.5603,5.6411,0.273760617,1.243627792,1.190928941,21,3.890268074
8.920121752,20,2,0,0,1.032,0.2178,0.55,-1.0,1,1.0,-1.0,1,-0.10402807,1.258858638,0.3256,4.6908,-3.53358657,5.079189716,5.072945309,21,2.630809121
7.13169851,28,2,0,0,1.5124,0.3503,0.8869,-1.0,1,1.0,-1.0,1,-0.83609419,0.977611582,0.9453,5.4853,-1.148222789,1.091969846,2.790727908,21,2.984165637
6.34738921,45,3,43,0,1.191,0.751,0.8842,0.3002,0,0.8966,1.0,0,0.640379115,-0.01349059,1.5749,0.8717,-3.307707039,3.761898816,3.127503238,21,2.309362077
7.601402335,36,6,0,0,1.297,0.5977,0.9366,0.9332,0,0.3586,0.7146,0,-0.312521362,1.428802933,2.4734,5.5759,-0.057311367,0.962905091,1.590213747,21,2.792697675
6.908754779,57,2,0,0,1.0638,0.1216,0.5286,-1.0,1,1.0,-1.0,1,0.111541375,1.913062229,0.3879,3.83,-3.167707538,2.220699834,4.499519314,21,2.723792308
6.908754779,24,2,9,1,1.0369,0.0848,0.5044,-1.0,1,1.0,-1.0,1,0.529804382,2.053392697,0.8813,1.5031,-3.979231755,3.852874565,4.374242405,21,0.903408106
9.105090961,40,10,0,0,1.9657,0.1093,0.9207,0.9056,0,0.172,0.3385,0,-1.713687934,1.071583616,3.3219,5.5903,-1.595042032,2.795578941,3.279104928,21,4.368536044
8.517393171,16,26,0,0,1.8795,0.2577,0.8896,0.8489,0,0.168,0.321,0,-0.562469857,1.263702909,4.6996,3.094,-0.656044093,2.203521491,1.601932461,21,3.975786226
9.680406499,7,2,0,0,1.0975,0.1146,0.6109,-1.0,1,1.0,-1.0,1,1.808485473,4.534102664,0.2893,2.7416,-3.005782609,1.765491542,3.996104168,21,3.234552304
6.803505258,6,3,1,1,1.1231,0.1217,0.7176,0.1057,0,0.9787,1.0,0,0.007074914,1.6175648,1.3574,1.9786,-1.645583359,1.951154465,2.225393855,21,1.148037172
6.538139824,14,2,4,0,1.2623,0.1024,0.7713,-1.0,1,1.0,-1.0,1,0.678084303,2.530023409,0.9912,2.3012,-2.18036746,2.171528512,2.96344675,21,0.843289839
5.602118821,13,2,5,1,1.0612,0.1236,0.7384,-1.0,1,1.0,-1.0,1,-0.044997366,1.294562771,0.9902,1.6386,-2.434974281,2.425125948,2.873874168,21,0.680061941
5.602118821,13,2,5,1,1.0612,0.1236,0.7384,-1.0,1,1.0,-1.0,1,-0.044997366,1.294562771,0.9902,1.6386,-2.434974281,2.425125948,2.873874168,22,0.85526603
8.517393171,16,26,0,0,1.8795,0.2577,0.8896,0.8489,0,0.168,0.321,0,-0.562469857,1.263702909,4.6996,3.094,-0.656044093,2.203521491,1.601932461,22,5.603652699
9.105090961,40,10,0,0,1.9657,0.1093,0.9207,0.9056,0,0.172,0.3385,0,-1.713687934,1.071583616,3.3219,5.5903,-1.595042032,2.795578941,3.279104928,22,3.644666299
6.803505258,6,3,1,1,1.1231,0.1217,0.7176,0.1057,0,0.9787,1.0,0,0.007074914,1.6175648,1.3574,1.9786,-1.645583359,1.951154465,2.225393855,22,0.76033843
6.908754779,24,2,9,1,1.0369,0.0848,0.5044,-1.0,1,1.0,-1.0,1,0.529804382,2.053392697,0.8813,1.5031,-3.979231755,3.852874565,4.374242405,22,8.02051469
6.34738921,45,3,43,0,1.191,0.751,0.8842,0.3002,0,0.8966,1.0,0,0.640379115,-0.01349059,1.5749,0.8717,-3.307707039,3.761898816,3.127503238,22,3.970631479
9.105090961,16,10,0,0,1.5673,0.2119,0.8929,0.8902,0,0.2031,0.4049,0,-0.155251285,1.634247591,3.3219,6.5452,-0.683394889,1.883931798,2.48184857,22,2.204862004
6.64509097,8,2,0,0,1.0377,0.1439,0.5507,-1.0,1,1.0,-1.0,1,0.05694728,1.762502288,0.9331,4.5301,-2.189256408,2.120013505,3.674966146,22,3.965184554
7.890208213,16,2,8,0,1.0273,0.0825,0.7618,-1.0,1,1.0,-1.0,1,0.189131649,1.482649449,1.0,1.77,-0.444725822,0.44472582,0.566058106,22,2.751492759
9.903537551,16,24,0,0,1.3218,0.1885,0.9884,0.9191,0,0.1505,0.2807,0,-0.867500568,1.482149847,4.5603,5.6411,0.273760617,1.243627792,1.190928941,22,6.148483253
8.920121752,20,2,0,0,1.032,0.2178,0.55,-1.0,1,1.0,-1.0,1,-0.10402807,1.258858638,0.3256,4.6908,-3.53358657,5.079189716,5.072945309,22,6.135562727
7.13169851,28,2,0,0,1.5124,0.3503,0.8869,-1.0,1,1.0,-1.0,1,-0.83609419,0.977611582,0.9453,5.4853,-1.148222789,1.091969846,2.790727908,22,6.122633151
9.680406499,7,2,0,0,1.0975,0.1146,0.6109,-1.0,1,1.0,-1.0,1,1.808485473,4.534102664,0.2893,2.7416,-3.005782609,1.765491542,3.996104168,22,6.787211185
6.538139824,14,2,4,0,1.2623,0.1024,0.7713,-1.0,1,1.0,-1.0,1,0.678084303,2.530023409,0.9912,2.3012,-2.18036746,2.171528512,2.96344675,22,4.229093963
7.079184395,180,3,0,0,1.5407,0.0456,0.8729,0.83,0,0.5252,1.0,0,0.939303886,3.386672403,1.4725,0.8072,-3.825845309,4.212806946,3.584283171,22,5.121317624
7.601402335,36,6,0,0,1.297,0.5977,0.9366,0.9332,0,0.3586,0.7146,0,-0.312521362,1.428802933,2.4734,5.5759,-0.057311367,0.962905091,1.590213747,22,2.448761203
6.908754779,57,2,0,0,1.0638,0.1216,0.5286,-1.0,1,1.0,-1.0,1,0.111541375,1.913062229,0.3879,3.83,-3.167707538,2.220699834,4.499519314,22,5.622359092
9.581972892,9,7,0,0,1.6067,0.3558,0.9668,0.6968,0,0.6252,0.9499,0,1.49000101,5.077114431,0.9653,3.4271,-1.09422194,1.058905596,2.223137091,22,9.396155154
7.8559322,56,91,0,0,2.2442,0.217010526,0.9165,0.6818,0,0.5575,0.866,0,1.904433178,4.684870989,4.8787,0.3672,-1.706499625,3.291378416,0.022876819,22,5.090764152
7.313220387,14,2,0,0,1.1316,0.3676,0.7792,-1.0,1,1.0,-1.0,1,-0.433401727,1.466075496,0.9998,3.8755,-1.255266099,1.25506608,2.533557566,22,5.305039721
6.741700695,18,4,0,0,1.5392,0.4828,0.842,0.8189,0,0.4696,0.9139,0,-0.188500608,1.644805056,1.9979,4.2472,-1.039023497,1.731120126,2.398306306,22,2.450056372
7.74543561,11,7,0,0,4.0014,0.1425,0.976,0.9623,0,0.3098,0.611,0,1.084513364,3.197909561,2.8072,3.0787,-0.404665428,1.436852973,1.284914388,22,5.61420417
8.517393171,16,26,0,0,1.8795,0.2577,0.8896,0.8489,0,0.168,0.321,0,-0.562469857,1.263702909,4.6996,3.094,-0.656044093,2.203521491,1.601932461,23,4.018237157
6.908754779,57,2,0,0,1.0638,0.1216,0.5286,-1.0,1,1.0,-1.0,1,0.111541375,1.913062229,0.3879,3.83,-3.167707538,2.220699834,4.499519314,23,1.532340862
7.601402335,36,6,0,0,1.297,0.5977,0.9366,0.9332,0,0.3586,0.7146,0,-0.312521362,1.428802933,2.4734,5.5759,-0.057311367,0.962905091,1.590213747,23,2.275727639
7.74543561,11,7,0,0,4.0014,0.1425,0.976,0.9623,0,0.3098,0.611,0,1.084513364,3.197909561,2.8072,3.0787,-0.404665428,1.436852973,1.284914388,23,2.304183814
9.581972892,9,7,0,0,1.6067,0.3558,0.9668,0.6968,0,0.6252,0.9499,0,1.49000101,5.077114431,0.9653,3.4271,-1.09422194,1.058905596,2.223137091,23,1.226125609
7.8559322,56,91,0,0,2.2442,0.217010526,0.9165,0.6818,0,0.5575,0.866,0,1.904433178,4.684870989,4.8787,0.3672,-1.706499625,3.291378416,0.022876819,23,2.862543679
7.313220387,14,2,0,0,1.1316,0.3676,0.7792,-1.0,1,1.0,-1.0,1,-0.433401727,1.466075496,0.9998,3.8755,-1.255266099,1.25506608,2.533557566,23,1.599185536
6.741700695,18,4,0,0,1.5392,0.4828,0.842,0.8189,0,0.4696,0.9139,0,-0.188500608,1.644805056,1.9979,4.2472,-1.039023497,1.731120126,2.398306306,23,2.443042446
9.903537551,16,24,0,0,1.3218,0.1885,0.9884,0.9191,0,0.1505,0.2807,0,-0.867500568,1.482149847,4.5603,5.6411,0.273760617,1.243627792,1.190928941,23,4.413682751
7.890208213,16,2,8,0,1.0273,0.0825,0.7618,-1.0,1,1.0,-1.0,1,0.189131649,1.482649449,1.0,1.77,-0.444725822,0.44472582,0.566058106,23,0.566449528
6.64509097,8,2,0,0,1.0377,0.1439,0.5507,-1.0,1,1.0,-1.0,1,0.05694728,1.762502288,0.9331,4.5301,-2.189256408,2.120013505,3.674966146,23,1.028904876
9.105090961,16,10,0,0,1.5673,0.2119,0.8929,0.8902,0,0.2031,0.4049,0,-0.155251285,1.634247591,3.3219,6.5452,-0.683394889,1.883931798,2.48184857,23,4.363709903
6.908754779,24,2,9,1,1.0369,0.0848,0.5044,-1.0,1,1.0,-1.0,1,0.529804382,2.053392697,0.8813,1.5031,-3.979231755,3.852874565,4.374242405,23,1.124929597
9.680406499,7,2,0,0,1.0975,0.1146,0.6109,-1.0,1,1.0,-1.0,1,1.808485473,4.534102664,0.2893,2.7416,-3.005782609,1.765491542,3.996104168,23,1.311301382
9.105090961,40,10,0,0,1.9657,0.1093,0.9207,0.9056,0,0.172,0.3385,0,-1.713687934,1.071583616,3.3219,5.5903,-1.595042032,2.795578941,3.279104928,23,5.138195562
6.538139824,14,2,4,0,1.2623,0.1024,0.7713,-1.0,1,1.0,-1.0,1,0.678084303,2.530023409,0.9912,2.3012,-2.18036746,2.171528512,2.96344675,23,0.0
6.34738921,45,3,43,0,1.191,0.751,0.8842,0.3002,0,0.8966,1.0,0,0.640379115,-0.01349059,1.5749,0.8717,-3.307707039,3.761898816,3.127503238,23,2.168596453
6.803505258,6,3,1,1,1.1231,0.1217,0.7176,0.1057,0,0.9787,1.0,0,0.007074914,1.6175648,1.3574,1.9786,-1.645583359,1.951154465,2.225393855,23,2.510980422
7.13169851,28,2,0,0,1.5124,0.3503,0.8869,-1.0,1,1.0,-1.0,1,-0.83609419,0.977611582,0.9453,5.4853,-1.148222789,1.091969846,2.790727908,23,2.444952334
5.602118821,13,2,5,1,1.0612,0.1236,0.7384,-1.0,1,1.0,-1.0,1,-0.044997366,1.294562771,0.9902,1.6386,-2.434974281,2.425125948,2.873874168,23,0.701611259
7.079184395,180,3,0,0,1.5407,0.0456,0.8729,0.83,0,0.5252,1.0,0,0.939303886,3.386672403,1.4725,0.8072,-3.825845309,4.212806946,3.584283171,23,2.811268424
8.920121752,20,2,0,0,1.032,0.2178,0.55,-1.0,1,1.0,-1.0,1,-0.10402807,1.258858638,0.3256,4.6908,-3.53358657,5.079189716,5.072945309,23,1.832421451
