N,c,atr_bin,atr_cat,atr_un,a,b,c.1,d,d_,e,f,f_,g_ln,h_ln,i,j,k_ln,l_ln,m_ln,label,Kernel,Tree,Inductive Tree,NN,Stats: Non-Para,Stats: Classicla,Stats: Bayes,Rule Classifier,task
6.538139824,14,2,4,0,1.2623,0.1024,0.7713,-1.0,1,1.0,-1.0,1,0.678084303,2.530023409,0.9912,2.3012,-2.18036746,2.171528512,2.96344675,1.587805612,0,1,0,0,0,0,0,0,0
7.13169851,28,2,0,0,1.5124,0.3503,0.8869,-1.0,1,1.0,-1.0,1,-0.83609419,0.977611582,0.9453,5.4853,-1.148222789,1.091969846,2.790727908,2.626044457,0,1,0,0,0,0,0,0,0
8.920121752,20,2,0,0,1.032,0.2178,0.55,-1.0,1,1.0,-1.0,1,-0.10402807,1.258858638,0.3256,4.6908,-3.53358657,5.079189716,5.072945309,2.697326238,0,1,0,0,0,0,0,0,0
9.903537551,16,24,0,0,1.3218,0.1885,0.9884,0.9191,0,0.1505,0.2807,0,-0.867500568,1.482149847,4.5603,5.6411,0.273760617,1.243627792,1.190928941,4.349955304,0,1,0,0,0,0,0,0,0
7.890208213,16,2,8,0,1.0273,0.0825,0.7618,-1.0,1,1.0,-1.0,1,0.189131649,1.482649449,1.0,1.77,-0.444725822,0.44472582,0.566058106,2.353563338,0,1,0,0,0,0,0,0,0
9.680406499,7,2,0,0,1.0975,0.1146,0.6109,-1.0,1,1.0,-1.0,1,1.808485473,4.534102664,0.2893,2.7416,-3.005782609,1.765491542,3.996104168,2.306078982,0,1,0,0,0,0,0,0,0
7.079184395,180,3,0,0,1.5407,0.0456,0.8729,0.83,0,0.5252,1.0,0,0.939303886,3.386672403,1.4725,0.8072,-3.825845309,4.212806946,3.584283171,2.420101426,0,1,0,0,0,0,0,0,0
6.64509097,8,2,0,0,1.0377,0.1439,0.5507,-1.0,1,1.0,-1.0,1,0.05694728,1.762502288,0.9331,4.5301,-2.189256408,2.120013505,3.674966146,1.510501165,0,1,0,0,0,0,0,0,0
9.105090961,16,10,0,0,1.5673,0.2119,0.8929,0.8902,0,0.2031,0.4049,0,-0.155251285,1.634247591,3.3219,6.5452,-0.683394889,1.883931798,2.48184857,3.90019331,0,1,0,0,0,0,0,0,0
6.908754779,24,2,9,1,1.0369,0.0848,0.5044,-1.0,1,1.0,-1.0,1,0.529804382,2.053392697,0.8813,1.5031,-3.979231755,3.852874565,4.374242405,2.441390056,0,1,0,0,0,0,0,0,0
6.803505258,6,3,1,1,1.1231,0.1217,0.7176,0.1057,0,0.9787,1.0,0,0.007074914,1.6175648,1.3574,1.9786,-1.645583359,1.951154465,2.225393855,3.393837027,0,1,0,0,0,0,0,0,0
6.34738921,45,3,43,0,1.191,0.751,0.8842,0.3002,0,0.8966,1.0,0,0.640379115,-0.01349059,1.5749,0.8717,-3.307707039,3.761898816,3.127503238,0.0,0,1,0,0,0,0,0,0,0
9.105090961,40,10,0,0,1.9657,0.1093,0.9207,0.9056,0,0.172,0.3385,0,-1.713687934,1.071583616,3.3219,5.5903,-1.595042032,2.795578941,3.279104928,4.617977817,0,1,0,0,0,0,0,0,0
8.517393171,16,26,0,0,1.8795,0.2577,0.8896,0.8489,0,0.168,0.321,0,-0.562469857,1.263702909,4.6996,3.094,-0.656044093,2.203521491,1.601932461,3.975786226,0,1,0,0,0,0,0,0,0
6.908754779,57,2,0,0,1.0638,0.1216,0.5286,-1.0,1,1.0,-1.0,1,0.111541375,1.913062229,0.3879,3.83,-3.167707538,2.220699834,4.499519314,0.98394938,0,1,0,0,0,0,0,0,0
7.601402335,36,6,0,0,1.297,0.5977,0.9366,0.9332,0,0.3586,0.7146,0,-0.312521362,1.428802933,2.4734,5.5759,-0.057311367,0.962905091,1.590213747,2.365935408,0,1,0,0,0,0,0,0,0
7.74543561,11,7,0,0,4.0014,0.1425,0.976,0.9623,0,0.3098,0.611,0,1.084513364,3.197909561,2.8072,3.0787,-0.404665428,1.436852973,1.284914388,0.248421358,0,1,0,0,0,0,0,0,0
9.581972892,9,7,0,0,1.6067,0.3558,0.9668,0.6968,0,0.6252,0.9499,0,1.49000101,5.077114431,0.9653,3.4271,-1.09422194,1.058905596,2.223137091,3.646258968,0,1,0,0,0,0,0,0,0
7.8559322,56,91,0,0,2.2442,0.217010526,0.9165,0.6818,0,0.5575,0.866,0,1.904433178,4.684870989,4.8787,0.3672,-1.706499625,3.291378416,0.022876819,1.141033005,0,1,0,0,0,0,0,0,0
7.313220387,14,2,0,0,1.1316,0.3676,0.7792,-1.0,1,1.0,-1.0,1,-0.433401727,1.466075496,0.9998,3.8755,-1.255266099,1.25506608,2.533557566,1.18967102,0,1,0,0,0,0,0,0,0
6.741700695,18,4,0,0,1.5392,0.4828,0.842,0.8189,0,0.4696,0.9139,0,-0.188500608,1.644805056,1.9979,4.2472,-1.039023497,1.731120126,2.398306306,2.556684528,0,1,0,0,0,0,0,0,0
5.602118821,13,2,5,1,1.0612,0.1236,0.7384,-1.0,1,1.0,-1.0,1,-0.044997366,1.294562771,0.9902,1.6386,-2.434974281,2.425125948,2.873874168,1.852854569,0,1,0,0,0,0,0,0,0
9.903537551,16,24,0,0,1.3218,0.1885,0.9884,0.9191,0,0.1505,0.2807,0,-0.867500568,1.482149847,4.5603,5.6411,0.273760617,1.243627792,1.190928941,3.836760521,0,1,0,0,0,0,0,0,1
9.680406499,7,2,0,0,1.0975,0.1146,0.6109,-1.0,1,1.0,-1.0,1,1.808485473,4.534102664,0.2893,2.7416,-3.005782609,1.765491542,3.996104168,1.708015476,0,1,0,0,0,0,0,0,1
7.13169851,28,2,0,0,1.5124,0.3503,0.8869,-1.0,1,1.0,-1.0,1,-0.83609419,0.977611582,0.9453,5.4853,-1.148222789,1.091969846,2.790727908,2.626044457,0,1,0,0,0,0,0,0,1
8.920121752,20,2,0,0,1.032,0.2178,0.55,-1.0,1,1.0,-1.0,1,-0.10402807,1.258858638,0.3256,4.6908,-3.53358657,5.079189716,5.072945309,1.351444084,0,1,0,0,0,0,0,0,1
7.890208213,16,2,8,0,1.0273,0.0825,0.7618,-1.0,1,1.0,-1.0,1,0.189131649,1.482649449,1.0,1.77,-0.444725822,0.44472582,0.566058106,0.0,0,1,0,0,0,0,0,0,1
6.538139824,14,2,4,0,1.2623,0.1024,0.7713,-1.0,1,1.0,-1.0,1,0.678084303,2.530023409,0.9912,2.3012,-2.18036746,2.171528512,2.96344675,0.968883182,0,1,0,0,0,0,0,0,1
6.64509097,8,2,0,0,1.0377,0.1439,0.5507,-1.0,1,1.0,-1.0,1,0.05694728,1.762502288,0.9331,4.5301,-2.189256408,2.120013505,3.674966146,1.434131691,0,1,0,0,0,0,0,0,1
7.74543561,11,7,0,0,4.0014,0.1425,0.976,0.9623,0,0.3098,0.611,0,1.084513364,3.197909561,2.8072,3.0787,-0.404665428,1.436852973,1.284914388,1.653646167,0,1,0,0,0,0,0,0,1
6.741700695,18,4,0,0,1.5392,0.4828,0.842,0.8189,0,0.4696,0.9139,0,-0.188500608,1.644805056,1.9979,4.2472,-1.039023497,1.731120126,2.398306306,2.569247798,0,1,0,0,0,0,0,0,1
7.313220387,14,2,0,0,1.1316,0.3676,0.7792,-1.0,1,1.0,-1.0,1,-0.433401727,1.466075496,0.9998,3.8755,-1.255266099,1.25506608,2.533557566,0.484276289,0,1,0,0,0,0,0,0,1
7.8559322,56,91,0,0,2.2442,0.217010526,0.9165,0.6818,0,0.5575,0.866,0,1.904433178,4.684870989,4.8787,0.3672,-1.706499625,3.291378416,0.022876819,0.634988266,0,1,0,0,0,0,0,0,1
9.581972892,9,7,0,0,1.6067,0.3558,0.9668,0.6968,0,0.6252,0.9499,0,1.49000101,5.077114431,0.9653,3.4271,-1.09422194,1.058905596,2.223137091,2.364056415,0,1,0,0,0,0,0,0,1
7.601402335,36,6,0,0,1.297,0.5977,0.9366,0.9332,0,0.3586,0.7146,0,-0.312521362,1.428802933,2.4734,5.5759,-0.057311367,0.962905091,1.590213747,2.046789209,0,1,0,0,0,0,0,0,1
6.908754779,57,2,0,0,1.0638,0.1216,0.5286,-1.0,1,1.0,-1.0,1,0.111541375,1.913062229,0.3879,3.83,-3.167707538,2.220699834,4.499519314,0.246078523,0,1,0,0,0,0,0,0,1
7.079184395,180,3,0,0,1.5407,0.0456,0.8729,0.83,0,0.5252,1.0,0,0.939303886,3.386672403,1.4725,0.8072,-3.825845309,4.212806946,3.584283171,1.880685678,0,1,0,0,0,0,0,0,1
9.105090961,40,10,0,0,1.9657,0.1093,0.9207,0.9056,0,0.172,0.3385,0,-1.713687934,1.071583616,3.3219,5.5903,-1.595042032,2.795578941,3.279104928,4.631276433,0,1,0,0,0,0,0,0,1
5.602118821,13,2,5,1,1.0612,0.1236,0.7384,-1.0,1,1.0,-1.0,1,-0.044997366,1.294562771,0.9902,1.6386,-2.434974281,2.425125948,2.873874168,1.552020642,0,1,0,0,0,0,0,0,1
6.803505258,6,3,1,1,1.1231,0.1217,0.7176,0.1057,0,0.9787,1.0,0,0.007074914,1.6175648,1.3574,1.9786,-1.645583359,1.951154465,2.225393855,1.885856793,0,1,0,0,0,0,0,0,1
8.517393171,16,26,0,0,1.8795,0.2577,0.8896,0.8489,0,0.168,0.321,0,-0.562469857,1.263702909,4.6996,3.094,-0.656044093,2.203521491,1.601932461,2.999126507,0,1,0,0,0,0,0,0,1
6.34738921,45,3,43,0,1.191,0.751,0.8842,0.3002,0,0.8966,1.0,0,0.640379115,-0.01349059,1.5749,0.8717,-3.307707039,3.761898816,3.127503238,2.410452464,0,1,0,0,0,0,0,0,1
9.105090961,16,10,0,0,1.5673,0.2119,0.8929,0.8902,0,0.2031,0.4049,0,-0.155251285,1.634247591,3.3219,6.5452,-0.683394889,1.883931798,2.48184857,3.891064911,0,1,0,0,0,0,0,0,1
6.908754779,24,2,9,1,1.0369,0.0848,0.5044,-1.0,1,1.0,-1.0,1,0.529804382,2.053392697,0.8813,1.5031,-3.979231755,3.852874565,4.374242405,2.068254196,0,1,0,0,0,0,0,0,1
9.105090961,40,10,0,0,1.9657,0.1093,0.9207,0.9056,0,0.172,0.3385,0,-1.713687934,1.071583616,3.3219,5.5903,-1.595042032,2.795578941,3.279104928,0.0,1,0,0,0,0,0,0,0,2
5.602118821,13,2,5,1,1.0612,0.1236,0.7384,-1.0,1,1.0,-1.0,1,-0.044997366,1.294562771,0.9902,1.6386,-2.434974281,2.425125948,2.873874168,0.921079249,1,0,0,0,0,0,0,0,2
8.517393171,16,26,0,0,1.8795,0.2577,0.8896,0.8489,0,0.168,0.321,0,-0.562469857,1.263702909,4.6996,3.094,-0.656044093,2.203521491,1.601932461,1.005399907,1,0,0,0,0,0,0,0,2
6.908754779,57,2,0,0,1.0638,0.1216,0.5286,-1.0,1,1.0,-1.0,1,0.111541375,1.913062229,0.3879,3.83,-3.167707538,2.220699834,4.499519314,2.475529488,1,0,0,0,0,0,0,0,2
7.601402335,36,6,0,0,1.297,0.5977,0.9366,0.9332,0,0.3586,0.7146,0,-0.312521362,1.428802933,2.4734,5.5759,-0.057311367,0.962905091,1.590213747,0.0,1,0,0,0,0,0,0,0,2
7.74543561,11,7,0,0,4.0014,0.1425,0.976,0.9623,0,0.3098,0.611,0,1.084513364,3.197909561,2.8072,3.0787,-0.404665428,1.436852973,1.284914388,2.656195346,1,0,0,0,0,0,0,0,2
9.581972892,9,7,0,0,1.6067,0.3558,0.9668,0.6968,0,0.6252,0.9499,0,1.49000101,5.077114431,0.9653,3.4271,-1.09422194,1.058905596,2.223137091,3.966151277,1,0,0,0,0,0,0,0,2
7.8559322,56,91,0,0,2.2442,0.217010526,0.9165,0.6818,0,0.5575,0.866,0,1.904433178,4.684870989,4.8787,0.3672,-1.706499625,3.291378416,0.022876819,3.055603671,1,0,0,0,0,0,0,0,2
7.313220387,14,2,0,0,1.1316,0.3676,0.7792,-1.0,1,1.0,-1.0,1,-0.433401727,1.466075496,0.9998,3.8755,-1.255266099,1.25506608,2.533557566,1.679709965,1,0,0,0,0,0,0,0,2
6.741700695,18,4,0,0,1.5392,0.4828,0.842,0.8189,0,0.4696,0.9139,0,-0.188500608,1.644805056,1.9979,4.2472,-1.039023497,1.731120126,2.398306306,2.414305343,1,0,0,0,0,0,0,0,2
6.803505258,6,3,1,1,1.1231,0.1217,0.7176,0.1057,0,0.9787,1.0,0,0.007074914,1.6175648,1.3574,1.9786,-1.645583359,1.951154465,2.225393855,2.626478547,1,0,0,0,0,0,0,0,2
6.908754779,24,2,9,1,1.0369,0.0848,0.5044,-1.0,1,1.0,-1.0,1,0.529804382,2.053392697,0.8813,1.5031,-3.979231755,3.852874565,4.374242405,1.768490842,1,0,0,0,0,0,0,0,2
6.538139824,14,2,4,0,1.2623,0.1024,0.7713,-1.0,1,1.0,-1.0,1,0.678084303,2.530023409,0.9912,2.3012,-2.18036746,2.171528512,2.96344675,1.587805612,1,0,0,0,0,0,0,0,2
9.680406499,7,2,0,0,1.0975,0.1146,0.6109,-1.0,1,1.0,-1.0,1,1.808485473,4.534102664,0.2893,2.7416,-3.005782609,1.765491542,3.996104168,2.392334385,1,0,0,0,0,0,0,0,2
7.13169851,28,2,0,0,1.5124,0.3503,0.8869,-1.0,1,1.0,-1.0,1,-0.83609419,0.977611582,0.9453,5.4853,-1.148222789,1.091969846,2.790727908,3.229380458,1,0,0,0,0,0,0,0,2
8.920121752,20,2,0,0,1.032,0.2178,0.55,-1.0,1,1.0,-1.0,1,-0.10402807,1.258858638,0.3256,4.6908,-3.53358657,5.079189716,5.072945309,0.669878554,1,0,0,0,0,0,0,0,2
9.903537551,16,24,0,0,1.3218,0.1885,0.9884,0.9191,0,0.1505,0.2807,0,-0.867500568,1.482149847,4.5603,5.6411,0.273760617,1.243627792,1.190928941,3.038935431,1,0,0,0,0,0,0,0,2
7.890208213,16,2,8,0,1.0273,0.0825,0.7618,-1.0,1,1.0,-1.0,1,0.189131649,1.482649449,1.0,1.77,-0.444725822,0.44472582,0.566058106,3.122937448,1,0,0,0,0,0,0,0,2
7.079184395,180,3,0,0,1.5407,0.0456,0.8729,0.83,0,0.5252,1.0,0,0.939303886,3.386672403,1.4725,0.8072,-3.825845309,4.212806946,3.584283171,3.034904909,1,0,0,0,0,0,0,0,2
6.64509097,8,2,0,0,1.0377,0.1439,0.5507,-1.0,1,1.0,-1.0,1,0.05694728,1.762502288,0.9331,4.5301,-2.189256408,2.120013505,3.674966146,2.044332365,1,0,0,0,0,0,0,0,2
9.105090961,16,10,0,0,1.5673,0.2119,0.8929,0.8902,0,0.2031,0.4049,0,-0.155251285,1.634247591,3.3219,6.5452,-0.683394889,1.883931798,2.48184857,0.0,1,0,0,0,0,0,0,0,2
6.34738921,45,3,43,0,1.191,0.751,0.8842,0.3002,0,0.8966,1.0,0,0.640379115,-0.01349059,1.5749,0.8717,-3.307707039,3.761898816,3.127503238,2.614325431,1,0,0,0,0,0,0,0,2
7.601402335,36,6,0,0,1.297,0.5977,0.9366,0.9332,0,0.3586,0.7146,0,-0.312521362,1.428802933,2.4734,5.5759,-0.057311367,0.962905091,1.590213747,2.64091275,0,0,0,1,0,0,0,0,3
7.313220387,14,2,0,0,1.1316,0.3676,0.7792,-1.0,1,1.0,-1.0,1,-0.433401727,1.466075496,0.9998,3.8755,-1.255266099,1.25506608,2.533557566,2.208823713,0,0,0,1,0,0,0,0,3
7.8559322,56,91,0,0,2.2442,0.217010526,0.9165,0.6818,0,0.5575,0.866,0,1.904433178,4.684870989,4.8787,0.3672,-1.706499625,3.291378416,0.022876819,3.879272515,0,0,0,1,0,0,0,0,3
9.581972892,9,7,0,0,1.6067,0.3558,0.9668,0.6968,0,0.6252,0.9499,0,1.49000101,5.077114431,0.9653,3.4271,-1.09422194,1.058905596,2.223137091,9.396155154,0,0,0,1,0,0,0,0,3
6.908754779,57,2,0,0,1.0638,0.1216,0.5286,-1.0,1,1.0,-1.0,1,0.111541375,1.913062229,0.3879,3.83,-3.167707538,2.220699834,4.499519314,3.035962093,0,0,0,1,0,0,0,0,3
5.602118821,13,2,5,1,1.0612,0.1236,0.7384,-1.0,1,1.0,-1.0,1,-0.044997366,1.294562771,0.9902,1.6386,-2.434974281,2.425125948,2.873874168,1.729352009,0,0,0,1,0,0,0,0,3
8.517393171,16,26,0,0,1.8795,0.2577,0.8896,0.8489,0,0.168,0.321,0,-0.562469857,1.263702909,4.6996,3.094,-0.656044093,2.203521491,1.601932461,4.013026041,0,0,0,1,0,0,0,0,3
9.105090961,40,10,0,0,1.9657,0.1093,0.9207,0.9056,0,0.172,0.3385,0,-1.713687934,1.071583616,3.3219,5.5903,-1.595042032,2.795578941,3.279104928,6.499904327,0,0,0,1,0,0,0,0,3
6.803505258,6,3,1,1,1.1231,0.1217,0.7176,0.1057,0,0.9787,1.0,0,0.007074914,1.6175648,1.3574,1.9786,-1.645583359,1.951154465,2.225393855,4.121959729,0,0,0,1,0,0,0,0,3
6.908754779,24,2,9,1,1.0369,0.0848,0.5044,-1.0,1,1.0,-1.0,1,0.529804382,2.053392697,0.8813,1.5031,-3.979231755,3.852874565,4.374242405,3.001366372,0,0,0,1,0,0,0,0,3
6.34738921,45,3,43,0,1.191,0.751,0.8842,0.3002,0,0.8966,1.0,0,0.640379115,-0.01349059,1.5749,0.8717,-3.307707039,3.761898816,3.127503238,2.984013881,0,0,0,1,0,0,0,0,3
9.105090961,16,10,0,0,1.5673,0.2119,0.8929,0.8902,0,0.2031,0.4049,0,-0.155251285,1.634247591,3.3219,6.5452,-0.683394889,1.883931798,2.48184857,2.606460345,0,0,0,1,0,0,0,0,3
6.64509097,8,2,0,0,1.0377,0.1439,0.5507,-1.0,1,1.0,-1.0,1,0.05694728,1.762502288,0.9331,4.5301,-2.189256408,2.120013505,3.674966146,1.465336568,0,0,0,1,0,0,0,0,3
7.079184395,180,3,0,0,1.5407,0.0456,0.8729,0.83,0,0.5252,1.0,0,0.939303886,3.386672403,1.4725,0.8072,-3.825845309,4.212806946,3.584283171,3.96567751,0,0,0,1,0,0,0,0,3
7.890208213,16,2,8,0,1.0273,0.0825,0.7618,-1.0,1,1.0,-1.0,1,0.189131649,1.482649449,1.0,1.77,-0.444725822,0.44472582,0.566058106,3.088812697,0,0,0,1,0,0,0,0,3
9.903537551,16,24,0,0,1.3218,0.1885,0.9884,0.9191,0,0.1505,0.2807,0,-0.867500568,1.482149847,4.5603,5.6411,0.273760617,1.243627792,1.190928941,3.847697795,0,0,0,1,0,0,0,0,3
7.13169851,28,2,0,0,1.5124,0.3503,0.8869,-1.0,1,1.0,-1.0,1,-0.83609419,0.977611582,0.9453,5.4853,-1.148222789,1.091969846,2.790727908,3.173501819,0,0,0,1,0,0,0,0,3
9.680406499,7,2,0,0,1.0975,0.1146,0.6109,-1.0,1,1.0,-1.0,1,1.808485473,4.534102664,0.2893,2.7416,-3.005782609,1.765491542,3.996104168,3.08103803,0,0,0,1,0,0,0,0,3
8.920121752,20,2,0,0,1.032,0.2178,0.55,-1.0,1,1.0,-1.0,1,-0.10402807,1.258858638,0.3256,4.6908,-3.53358657,5.079189716,5.072945309,2.155939513,0,0,0,1,0,0,0,0,3
7.74543561,11,7,0,0,4.0014,0.1425,0.976,0.9623,0,0.3098,0.611,0,1.084513364,3.197909561,2.8072,3.0787,-0.404665428,1.436852973,1.284914388,2.435803937,0,0,0,1,0,0,0,0,3
6.741700695,18,4,0,0,1.5392,0.4828,0.842,0.8189,0,0.4696,0.9139,0,-0.188500608,1.644805056,1.9979,4.2472,-1.039023497,1.731120126,2.398306306,2.801965469,0,0,0,1,0,0,0,0,3
6.538139824,14,2,4,0,1.2623,0.1024,0.7713,-1.0,1,1.0,-1.0,1,0.678084303,2.530023409,0.9912,2.3012,-2.18036746,2.171528512,2.96344675,4.229093963,0,0,0,1,0,0,0,0,3
7.601402335,36,6,0,0,1.297,0.5977,0.9366,0.9332,0,0.3586,0.7146,0,-0.312521362,1.428802933,2.4734,5.5759,-0.057311367,0.962905091,1.590213747,4.940498912,0,0,0,0,0,0,0,1,4
6.908754779,57,2,0,0,1.0638,0.1216,0.5286,-1.0,1,1.0,-1.0,1,0.111541375,1.913062229,0.3879,3.83,-3.167707538,2.220699834,4.499519314,2.994931953,0,0,0,0,0,0,0,1,4
8.517393171,16,26,0,0,1.8795,0.2577,0.8896,0.8489,0,0.168,0.321,0,-0.562469857,1.263702909,4.6996,3.094,-0.656044093,2.203521491,1.601932461,5.03773152,0,0,0,0,0,0,0,1,4
9.903537551,16,24,0,0,1.3218,0.1885,0.9884,0.9191,0,0.1505,0.2807,0,-0.867500568,1.482149847,4.5603,5.6411,0.273760617,1.243627792,1.190928941,5.747885481,0,0,0,0,0,0,0,1,4
7.890208213,16,2,8,0,1.0273,0.0825,0.7618,-1.0,1,1.0,-1.0,1,0.189131649,1.482649449,1.0,1.77,-0.444725822,0.44472582,0.566058106,2.877005042,0,0,0,0,0,0,0,1,4
9.105090961,40,10,0,0,1.9657,0.1093,0.9207,0.9056,0,0.172,0.3385,0,-1.713687934,1.071583616,3.3219,5.5903,-1.595042032,2.795578941,3.279104928,4.896465722,0,0,0,0,0,0,0,1,4
6.64509097,8,2,0,0,1.0377,0.1439,0.5507,-1.0,1,1.0,-1.0,1,0.05694728,1.762502288,0.9331,4.5301,-2.189256408,2.120013505,3.674966146,0.902191807,0,0,0,0,0,0,0,1,4
9.105090961,16,10,0,0,1.5673,0.2119,0.8929,0.8902,0,0.2031,0.4049,0,-0.155251285,1.634247591,3.3219,6.5452,-0.683394889,1.883931798,2.48184857,4.375064958,0,0,0,0,0,0,0,1,4
6.34738921,45,3,43,0,1.191,0.751,0.8842,0.3002,0,0.8966,1.0,0,0.640379115,-0.01349059,1.5749,0.8717,-3.307707039,3.761898816,3.127503238,2.381765891,0,0,0,0,0,0,0,1,4
6.908754779,24,2,9,1,1.0369,0.0848,0.5044,-1.0,1,1.0,-1.0,1,0.529804382,2.053392697,0.8813,1.5031,-3.979231755,3.852874565,4.374242405,2.444084655,0,0,0,0,0,0,0,1,4
6.803505258,6,3,1,1,1.1231,0.1217,0.7176,0.1057,0,0.9787,1.0,0,0.007074914,1.6175648,1.3574,1.9786,-1.645583359,1.951154465,2.225393855,2.74303117,0,0,0,0,0,0,0,1,4
5.602118821,13,2,5,1,1.0612,0.1236,0.7384,-1.0,1,1.0,-1.0,1,-0.044997366,1.294562771,0.9902,1.6386,-2.434974281,2.425125948,2.873874168,1.114813668,0,0,0,0,0,0,0,1,4
7.74543561,11,7,0,0,4.0014,0.1425,0.976,0.9623,0,0.3098,0.611,0,1.084513364,3.197909561,2.8072,3.0787,-0.404665428,1.436852973,1.284914388,4.79366432,0,0,0,0,0,0,0,1,4
7.079184395,180,3,0,0,1.5407,0.0456,0.8729,0.83,0,0.5252,1.0,0,0.939303886,3.386672403,1.4725,0.8072,-3.825845309,4.212806946,3.584283171,2.852208263,0,0,0,0,0,0,0,1,4
9.581972892,9,7,0,0,1.6067,0.3558,0.9668,0.6968,0,0.6252,0.9499,0,1.49000101,5.077114431,0.9653,3.4271,-1.09422194,1.058905596,2.223137091,3.895263344,0,0,0,0,0,0,0,1,4
7.13169851,28,2,0,0,1.5124,0.3503,0.8869,-1.0,1,1.0,-1.0,1,-0.83609419,0.977611582,0.9453,5.4853,-1.148222789,1.091969846,2.790727908,3.33259729,0,0,0,0,0,0,0,1,4
9.680406499,7,2,0,0,1.0975,0.1146,0.6109,-1.0,1,1.0,-1.0,1,1.808485473,4.534102664,0.2893,2.7416,-3.005782609,1.765491542,3.996104168,3.198305703,0,0,0,0,0,0,0,1,4
7.313220387,14,2,0,0,1.1316,0.3676,0.7792,-1.0,1,1.0,-1.0,1,-0.433401727,1.466075496,0.9998,3.8755,-1.255266099,1.25506608,2.533557566,3.711227858,0,0,0,0,0,0,0,1,4
6.538139824,14,2,4,0,1.2623,0.1024,0.7713,-1.0,1,1.0,-1.0,1,0.678084303,2.530023409,0.9912,2.3012,-2.18036746,2.171528512,2.96344675,0.383219499,0,0,0,0,0,0,0,1,4
8.920121752,20,2,0,0,1.032,0.2178,0.55,-1.0,1,1.0,-1.0,1,-0.10402807,1.258858638,0.3256,4.6908,-3.53358657,5.079189716,5.072945309,3.174171303,0,0,0,0,0,0,0,1,4
6.741700695,18,4,0,0,1.5392,0.4828,0.842,0.8189,0,0.4696,0.9139,0,-0.188500608,1.644805056,1.9979,4.2472,-1.039023497,1.731120126,2.398306306,2.719583437,0,0,0,0,0,0,0,1,4
7.8559322,56,91,0,0,2.2442,0.217010526,0.9165,0.6818,0,0.5575,0.866,0,1.904433178,4.684870989,4.8787,0.3672,-1.706499625,3.291378416,0.022876819,5.090764152,0,0,0,0,0,0,0,1,4
6.741700695,18,4,0,0,1.5392,0.4828,0.842,0.8189,0,0.4696,0.9139,0,-0.188500608,1.644805056,1.9979,4.2472,-1.039023497,1.731120126,2.398306306,1.852540941,0,0,0,0,0,1,0,0,5
7.313220387,14,2,0,0,1.1316,0.3676,0.7792,-1.0,1,1.0,-1.0,1,-0.433401727,1.466075496,0.9998,3.8755,-1.255266099,1.25506608,2.533557566,2.937732329,0,0,0,0,0,1,0,0,5
7.8559322,56,91,0,0,2.2442,0.217010526,0.9165,0.6818,0,0.5575,0.866,0,1.904433178,4.684870989,4.8787,0.3672,-1.706499625,3.291378416,0.022876819,3.996805233,0,0,0,0,0,1,0,0,5
9.581972892,9,7,0,0,1.6067,0.3558,0.9668,0.6968,0,0.6252,0.9499,0,1.49000101,5.077114431,0.9653,3.4271,-1.09422194,1.058905596,2.223137091,6.365497466,0,0,0,0,0,1,0,0,5
7.74543561,11,7,0,0,4.0014,0.1425,0.976,0.9623,0,0.3098,0.611,0,1.084513364,3.197909561,2.8072,3.0787,-0.404665428,1.436852973,1.284914388,3.228033763,0,0,0,0,0,1,0,0,5
7.601402335,36,6,0,0,1.297,0.5977,0.9366,0.9332,0,0.3586,0.7146,0,-0.312521362,1.428802933,2.4734,5.5759,-0.057311367,0.962905091,1.590213747,2.549445171,0,0,0,0,0,1,0,0,5
6.908754779,57,2,0,0,1.0638,0.1216,0.5286,-1.0,1,1.0,-1.0,1,0.111541375,1.913062229,0.3879,3.83,-3.167707538,2.220699834,4.499519314,2.176681676,0,0,0,0,0,1,0,0,5
8.517393171,16,26,0,0,1.8795,0.2577,0.8896,0.8489,0,0.168,0.321,0,-0.562469857,1.263702909,4.6996,3.094,-0.656044093,2.203521491,1.601932461,4.24506078,0,0,0,0,0,1,0,0,5
9.105090961,40,10,0,0,1.9657,0.1093,0.9207,0.9056,0,0.172,0.3385,0,-1.713687934,1.071583616,3.3219,5.5903,-1.595042032,2.795578941,3.279104928,3.644666299,0,0,0,0,0,1,0,0,5
7.079184395,180,3,0,0,1.5407,0.0456,0.8729,0.83,0,0.5252,1.0,0,0.939303886,3.386672403,1.4725,0.8072,-3.825845309,4.212806946,3.584283171,1.417308415,0,0,0,0,0,1,0,0,5
5.602118821,13,2,5,1,1.0612,0.1236,0.7384,-1.0,1,1.0,-1.0,1,-0.044997366,1.294562771,0.9902,1.6386,-2.434974281,2.425125948,2.873874168,0.243730185,0,0,0,0,0,1,0,0,5
6.803505258,6,3,1,1,1.1231,0.1217,0.7176,0.1057,0,0.9787,1.0,0,0.007074914,1.6175648,1.3574,1.9786,-1.645583359,1.951154465,2.225393855,0.887067873,0,0,0,0,0,1,0,0,5
6.34738921,45,3,43,0,1.191,0.751,0.8842,0.3002,0,0.8966,1.0,0,0.640379115,-0.01349059,1.5749,0.8717,-3.307707039,3.761898816,3.127503238,1.060910421,0,0,0,0,0,1,0,0,5
6.908754779,24,2,9,1,1.0369,0.0848,0.5044,-1.0,1,1.0,-1.0,1,0.529804382,2.053392697,0.8813,1.5031,-3.979231755,3.852874565,4.374242405,0.0,0,0,0,0,0,1,0,0,5
9.105090961,16,10,0,0,1.5673,0.2119,0.8929,0.8902,0,0.2031,0.4049,0,-0.155251285,1.634247591,3.3219,6.5452,-0.683394889,1.883931798,2.48184857,3.435051154,0,0,0,0,0,1,0,0,5
6.538139824,14,2,4,0,1.2623,0.1024,0.7713,-1.0,1,1.0,-1.0,1,0.678084303,2.530023409,0.9912,2.3012,-2.18036746,2.171528512,2.96344675,0.576051409,0,0,0,0,0,1,0,0,5
9.680406499,7,2,0,0,1.0975,0.1146,0.6109,-1.0,1,1.0,-1.0,1,1.808485473,4.534102664,0.2893,2.7416,-3.005782609,1.765491542,3.996104168,2.545217497,0,0,0,0,0,1,0,0,5
7.13169851,28,2,0,0,1.5124,0.3503,0.8869,-1.0,1,1.0,-1.0,1,-0.83609419,0.977611582,0.9453,5.4853,-1.148222789,1.091969846,2.790727908,2.271919679,0,0,0,0,0,1,0,0,5
8.920121752,20,2,0,0,1.032,0.2178,0.55,-1.0,1,1.0,-1.0,1,-0.10402807,1.258858638,0.3256,4.6908,-3.53358657,5.079189716,5.072945309,2.155939513,0,0,0,0,0,1,0,0,5
9.903537551,16,24,0,0,1.3218,0.1885,0.9884,0.9191,0,0.1505,0.2807,0,-0.867500568,1.482149847,4.5603,5.6411,0.273760617,1.243627792,1.190928941,2.543647145,0,0,0,0,0,1,0,0,5
7.890208213,16,2,8,0,1.0273,0.0825,0.7618,-1.0,1,1.0,-1.0,1,0.189131649,1.482649449,1.0,1.77,-0.444725822,0.44472582,0.566058106,2.353563338,0,0,0,0,0,1,0,0,5
6.64509097,8,2,0,0,1.0377,0.1439,0.5507,-1.0,1,1.0,-1.0,1,0.05694728,1.762502288,0.9331,4.5301,-2.189256408,2.120013505,3.674966146,0.124868982,0,0,0,0,0,1,0,0,5
6.538139824,14,2,4,0,1.2623,0.1024,0.7713,-1.0,1,1.0,-1.0,1,0.678084303,2.530023409,0.9912,2.3012,-2.18036746,2.171528512,2.96344675,0.576051409,0,0,0,0,1,0,0,0,6
9.680406499,7,2,0,0,1.0975,0.1146,0.6109,-1.0,1,1.0,-1.0,1,1.808485473,4.534102664,0.2893,2.7416,-3.005782609,1.765491542,3.996104168,0.0,0,0,0,0,1,0,0,0,6
9.105090961,40,10,0,0,1.9657,0.1093,0.9207,0.9056,0,0.172,0.3385,0,-1.713687934,1.071583616,3.3219,5.5903,-1.595042032,2.795578941,3.279104928,2.63008866,0,0,0,0,1,0,0,0,6
8.920121752,20,2,0,0,1.032,0.2178,0.55,-1.0,1,1.0,-1.0,1,-0.10402807,1.258858638,0.3256,4.6908,-3.53358657,5.079189716,5.072945309,1.832421451,0,0,0,0,1,0,0,0,6
9.903537551,16,24,0,0,1.3218,0.1885,0.9884,0.9191,0,0.1505,0.2807,0,-0.867500568,1.482149847,4.5603,5.6411,0.273760617,1.243627792,1.190928941,1.519294363,0,0,0,0,1,0,0,0,6
7.890208213,16,2,8,0,1.0273,0.0825,0.7618,-1.0,1,1.0,-1.0,1,0.189131649,1.482649449,1.0,1.77,-0.444725822,0.44472582,0.566058106,2.335342657,0,0,0,0,1,0,0,0,6
7.079184395,180,3,0,0,1.5407,0.0456,0.8729,0.83,0,0.5252,1.0,0,0.939303886,3.386672403,1.4725,0.8072,-3.825845309,4.212806946,3.584283171,0.795703769,0,0,0,0,1,0,0,0,6
6.64509097,8,2,0,0,1.0377,0.1439,0.5507,-1.0,1,1.0,-1.0,1,0.05694728,1.762502288,0.9331,4.5301,-2.189256408,2.120013505,3.674966146,0.064850972,0,0,0,0,1,0,0,0,6
9.105090961,16,10,0,0,1.5673,0.2119,0.8929,0.8902,0,0.2031,0.4049,0,-0.155251285,1.634247591,3.3219,6.5452,-0.683394889,1.883931798,2.48184857,2.501927634,0,0,0,0,1,0,0,0,6
6.34738921,45,3,43,0,1.191,0.751,0.8842,0.3002,0,0.8966,1.0,0,0.640379115,-0.01349059,1.5749,0.8717,-3.307707039,3.761898816,3.127503238,0.728031582,0,0,0,0,1,0,0,0,6
7.13169851,28,2,0,0,1.5124,0.3503,0.8869,-1.0,1,1.0,-1.0,1,-0.83609419,0.977611582,0.9453,5.4853,-1.148222789,1.091969846,2.790727908,1.870878674,0,0,0,0,1,0,0,0,6
6.908754779,24,2,9,1,1.0369,0.0848,0.5044,-1.0,1,1.0,-1.0,1,0.529804382,2.053392697,0.8813,1.5031,-3.979231755,3.852874565,4.374242405,1.084175241,0,0,0,0,1,0,0,0,6
5.602118821,13,2,5,1,1.0612,0.1236,0.7384,-1.0,1,1.0,-1.0,1,-0.044997366,1.294562771,0.9902,1.6386,-2.434974281,2.425125948,2.873874168,1.07602579,0,0,0,0,1,0,0,0,6
8.517393171,16,26,0,0,1.8795,0.2577,0.8896,0.8489,0,0.168,0.321,0,-0.562469857,1.263702909,4.6996,3.094,-0.656044093,2.203521491,1.601932461,3.507297624,0,0,0,0,1,0,0,0,6
6.741700695,18,4,0,0,1.5392,0.4828,0.842,0.8189,0,0.4696,0.9139,0,-0.188500608,1.644805056,1.9979,4.2472,-1.039023497,1.731120126,2.398306306,0.077886539,0,0,0,0,1,0,0,0,6
7.313220387,14,2,0,0,1.1316,0.3676,0.7792,-1.0,1,1.0,-1.0,1,-0.433401727,1.466075496,0.9998,3.8755,-1.255266099,1.25506608,2.533557566,1.511383972,0,0,0,0,1,0,0,0,6
7.8559322,56,91,0,0,2.2442,0.217010526,0.9165,0.6818,0,0.5575,0.866,0,1.904433178,4.684870989,4.8787,0.3672,-1.706499625,3.291378416,0.022876819,2.949897737,0,0,0,0,1,0,0,0,6
9.581972892,9,7,0,0,1.6067,0.3558,0.9668,0.6968,0,0.6252,0.9499,0,1.49000101,5.077114431,0.9653,3.4271,-1.09422194,1.058905596,2.223137091,4.053487845,0,0,0,0,1,0,0,0,6
7.74543561,11,7,0,0,4.0014,0.1425,0.976,0.9623,0,0.3098,0.611,0,1.084513364,3.197909561,2.8072,3.0787,-0.404665428,1.436852973,1.284914388,0.248421358,0,0,0,0,1,0,0,0,6
6.803505258,6,3,1,1,1.1231,0.1217,0.7176,0.1057,0,0.9787,1.0,0,0.007074914,1.6175648,1.3574,1.9786,-1.645583359,1.951154465,2.225393855,1.992111932,0,0,0,0,1,0,0,0,6
7.601402335,36,6,0,0,1.297,0.5977,0.9366,0.9332,0,0.3586,0.7146,0,-0.312521362,1.428802933,2.4734,5.5759,-0.057311367,0.962905091,1.590213747,1.282321771,0,0,0,0,1,0,0,0,6
6.908754779,57,2,0,0,1.0638,0.1216,0.5286,-1.0,1,1.0,-1.0,1,0.111541375,1.913062229,0.3879,3.83,-3.167707538,2.220699834,4.499519314,1.532340862,0,0,0,0,1,0,0,0,6
6.538139824,14,2,4,0,1.2623,0.1024,0.7713,-1.0,1,1.0,-1.0,1,0.678084303,2.530023409,0.9912,2.3012,-2.18036746,2.171528512,2.96344675,1.814498956,0,0,0,1,0,0,0,0,7
6.908754779,57,2,0,0,1.0638,0.1216,0.5286,-1.0,1,1.0,-1.0,1,0.111541375,1.913062229,0.3879,3.83,-3.167707538,2.220699834,4.499519314,2.741936197,0,0,0,1,0,0,0,0,7
7.601402335,36,6,0,0,1.297,0.5977,0.9366,0.9332,0,0.3586,0.7146,0,-0.312521362,1.428802933,2.4734,5.5759,-0.057311367,0.962905091,1.590213747,0.988053098,0,0,0,1,0,0,0,0,7
7.74543561,11,7,0,0,4.0014,0.1425,0.976,0.9623,0,0.3098,0.611,0,1.084513364,3.197909561,2.8072,3.0787,-0.404665428,1.436852973,1.284914388,1.706201581,0,0,0,1,0,0,0,0,7
9.581972892,9,7,0,0,1.6067,0.3558,0.9668,0.6968,0,0.6252,0.9499,0,1.49000101,5.077114431,0.9653,3.4271,-1.09422194,1.058905596,2.223137091,3.966151277,0,0,0,1,0,0,0,0,7
7.8559322,56,91,0,0,2.2442,0.217010526,0.9165,0.6818,0,0.5575,0.866,0,1.904433178,4.684870989,4.8787,0.3672,-1.706499625,3.291378416,0.022876819,3.445214267,0,0,0,1,0,0,0,0,7
7.313220387,14,2,0,0,1.1316,0.3676,0.7792,-1.0,1,1.0,-1.0,1,-0.433401727,1.466075496,0.9998,3.8755,-1.255266099,1.25506608,2.533557566,1.949759872,0,0,0,1,0,0,0,0,7
8.517393171,16,26,0,0,1.8795,0.2577,0.8896,0.8489,0,0.168,0.321,0,-0.562469857,1.263702909,4.6996,3.094,-0.656044093,2.203521491,1.601932461,1.674101426,0,0,0,1,0,0,0,0,7
6.741700695,18,4,0,0,1.5392,0.4828,0.842,0.8189,0,0.4696,0.9139,0,-0.188500608,1.644805056,1.9979,4.2472,-1.039023497,1.731120126,2.398306306,2.498151877,0,0,0,1,0,0,0,0,7
7.13169851,28,2,0,0,1.5124,0.3503,0.8869,-1.0,1,1.0,-1.0,1,-0.83609419,0.977611582,0.9453,5.4853,-1.148222789,1.091969846,2.790727908,3.134406668,0,0,0,1,0,0,0,0,7
5.602118821,13,2,5,1,1.0612,0.1236,0.7384,-1.0,1,1.0,-1.0,1,-0.044997366,1.294562771,0.9902,1.6386,-2.434974281,2.425125948,2.873874168,1.455120552,0,0,0,1,0,0,0,0,7
6.908754779,24,2,9,1,1.0369,0.0848,0.5044,-1.0,1,1.0,-1.0,1,0.529804382,2.053392697,0.8813,1.5031,-3.979231755,3.852874565,4.374242405,2.645394351,0,0,0,1,0,0,0,0,7
6.34738921,45,3,43,0,1.191,0.751,0.8842,0.3002,0,0.8966,1.0,0,0.640379115,-0.01349059,1.5749,0.8717,-3.307707039,3.761898816,3.127503238,2.890538411,0,0,0,1,0,0,0,0,7
9.105090961,16,10,0,0,1.5673,0.2119,0.8929,0.8902,0,0.2031,0.4049,0,-0.155251285,1.634247591,3.3219,6.5452,-0.683394889,1.883931798,2.48184857,1.984581261,0,0,0,1,0,0,0,0,7
6.64509097,8,2,0,0,1.0377,0.1439,0.5507,-1.0,1,1.0,-1.0,1,0.05694728,1.762502288,0.9331,4.5301,-2.189256408,2.120013505,3.674966146,1.449738534,0,0,0,1,0,0,0,0,7
7.079184395,180,3,0,0,1.5407,0.0456,0.8729,0.83,0,0.5252,1.0,0,0.939303886,3.386672403,1.4725,0.8072,-3.825845309,4.212806946,3.584283171,5.121317624,0,0,0,1,0,0,0,0,7
7.890208213,16,2,8,0,1.0273,0.0825,0.7618,-1.0,1,1.0,-1.0,1,0.189131649,1.482649449,1.0,1.77,-0.444725822,0.44472582,0.566058106,2.844327819,0,0,0,1,0,0,0,0,7
9.903537551,16,24,0,0,1.3218,0.1885,0.9884,0.9191,0,0.1505,0.2807,0,-0.867500568,1.482149847,4.5603,5.6411,0.273760617,1.243627792,1.190928941,2.988909048,0,0,0,1,0,0,0,0,7
8.920121752,20,2,0,0,1.032,0.2178,0.55,-1.0,1,1.0,-1.0,1,-0.10402807,1.258858638,0.3256,4.6908,-3.53358657,5.079189716,5.072945309,1.468104736,0,0,0,1,0,0,0,0,7
6.803505258,6,3,1,1,1.1231,0.1217,0.7176,0.1057,0,0.9787,1.0,0,0.007074914,1.6175648,1.3574,1.9786,-1.645583359,1.951154465,2.225393855,3.098694917,0,0,0,1,0,0,0,0,7
9.680406499,7,2,0,0,1.0975,0.1146,0.6109,-1.0,1,1.0,-1.0,1,1.808485473,4.534102664,0.2893,2.7416,-3.005782609,1.765491542,3.996104168,2.94811642,0,0,0,1,0,0,0,0,7
9.105090961,40,10,0,0,1.9657,0.1093,0.9207,0.9056,0,0.172,0.3385,0,-1.713687934,1.071583616,3.3219,5.5903,-1.595042032,2.795578941,3.279104928,1.622551552,0,0,0,1,0,0,0,0,7
6.803505258,6,3,1,1,1.1231,0.1217,0.7176,0.1057,0,0.9787,1.0,0,0.007074914,1.6175648,1.3574,1.9786,-1.645583359,1.951154465,2.225393855,3.537707666,0,0,0,1,0,0,0,0,8
9.105090961,40,10,0,0,1.9657,0.1093,0.9207,0.9056,0,0.172,0.3385,0,-1.713687934,1.071583616,3.3219,5.5903,-1.595042032,2.795578941,3.279104928,3.207491266,0,0,0,1,0,0,0,0,8
8.517393171,16,26,0,0,1.8795,0.2577,0.8896,0.8489,0,0.168,0.321,0,-0.562469857,1.263702909,4.6996,3.094,-0.656044093,2.203521491,1.601932461,3.908516866,0,0,0,1,0,0,0,0,8
6.908754779,57,2,0,0,1.0638,0.1216,0.5286,-1.0,1,1.0,-1.0,1,0.111541375,1.913062229,0.3879,3.83,-3.167707538,2.220699834,4.499519314,1.965992849,0,0,0,1,0,0,0,0,8
7.601402335,36,6,0,0,1.297,0.5977,0.9366,0.9332,0,0.3586,0.7146,0,-0.312521362,1.428802933,2.4734,5.5759,-0.057311367,0.962905091,1.590213747,1.636663899,0,0,0,1,0,0,0,0,8
7.74543561,11,7,0,0,4.0014,0.1425,0.976,0.9623,0,0.3098,0.611,0,1.084513364,3.197909561,2.8072,3.0787,-0.404665428,1.436852973,1.284914388,2.483906149,0,0,0,1,0,0,0,0,8
9.581972892,9,7,0,0,1.6067,0.3558,0.9668,0.6968,0,0.6252,0.9499,0,1.49000101,5.077114431,0.9653,3.4271,-1.09422194,1.058905596,2.223137091,5.126264902,0,0,0,1,0,0,0,0,8
7.8559322,56,91,0,0,2.2442,0.217010526,0.9165,0.6818,0,0.5575,0.866,0,1.904433178,4.684870989,4.8787,0.3672,-1.706499625,3.291378416,0.022876819,3.750256734,0,0,0,1,0,0,0,0,8
7.313220387,14,2,0,0,1.1316,0.3676,0.7792,-1.0,1,1.0,-1.0,1,-0.433401727,1.466075496,0.9998,3.8755,-1.255266099,1.25506608,2.533557566,1.46441214,0,0,0,1,0,0,0,0,8
6.538139824,14,2,4,0,1.2623,0.1024,0.7713,-1.0,1,1.0,-1.0,1,0.678084303,2.530023409,0.9912,2.3012,-2.18036746,2.171528512,2.96344675,0.737164066,0,0,0,1,0,0,0,0,8
9.680406499,7,2,0,0,1.0975,0.1146,0.6109,-1.0,1,1.0,-1.0,1,1.808485473,4.534102664,0.2893,2.7416,-3.005782609,1.765491542,3.996104168,2.392334385,0,0,0,1,0,0,0,0,8
6.741700695,18,4,0,0,1.5392,0.4828,0.842,0.8189,0,0.4696,0.9139,0,-0.188500608,1.644805056,1.9979,4.2472,-1.039023497,1.731120126,2.398306306,2.623871173,0,0,0,1,0,0,0,0,8
8.920121752,20,2,0,0,1.032,0.2178,0.55,-1.0,1,1.0,-1.0,1,-0.10402807,1.258858638,0.3256,4.6908,-3.53358657,5.079189716,5.072945309,1.753018641,0,0,0,1,0,0,0,0,8
9.903537551,16,24,0,0,1.3218,0.1885,0.9884,0.9191,0,0.1505,0.2807,0,-0.867500568,1.482149847,4.5603,5.6411,0.273760617,1.243627792,1.190928941,3.175634239,0,0,0,1,0,0,0,0,8
7.890208213,16,2,8,0,1.0273,0.0825,0.7618,-1.0,1,1.0,-1.0,1,0.189131649,1.482649449,1.0,1.77,-0.444725822,0.44472582,0.566058106,2.353563338,0,0,0,1,0,0,0,0,8
7.079184395,180,3,0,0,1.5407,0.0456,0.8729,0.83,0,0.5252,1.0,0,0.939303886,3.386672403,1.4725,0.8072,-3.825845309,4.212806946,3.584283171,0.0,0,0,0,1,0,0,0,0,8
6.64509097,8,2,0,0,1.0377,0.1439,0.5507,-1.0,1,1.0,-1.0,1,0.05694728,1.762502288,0.9331,4.5301,-2.189256408,2.120013505,3.674966146,0.846726268,0,0,0,1,0,0,0,0,8
9.105090961,16,10,0,0,1.5673,0.2119,0.8929,0.8902,0,0.2031,0.4049,0,-0.155251285,1.634247591,3.3219,6.5452,-0.683394889,1.883931798,2.48184857,2.841239869,0,0,0,1,0,0,0,0,8
6.34738921,45,3,43,0,1.191,0.751,0.8842,0.3002,0,0.8966,1.0,0,0.640379115,-0.01349059,1.5749,0.8717,-3.307707039,3.761898816,3.127503238,2.321799312,0,0,0,1,0,0,0,0,8
6.908754779,24,2,9,1,1.0369,0.0848,0.5044,-1.0,1,1.0,-1.0,1,0.529804382,2.053392697,0.8813,1.5031,-3.979231755,3.852874565,4.374242405,2.662564571,0,0,0,1,0,0,0,0,8
5.602118821,13,2,5,1,1.0612,0.1236,0.7384,-1.0,1,1.0,-1.0,1,-0.044997366,1.294562771,0.9902,1.6386,-2.434974281,2.425125948,2.873874168,1.933837568,0,0,0,1,0,0,0,0,8
7.13169851,28,2,0,0,1.5124,0.3503,0.8869,-1.0,1,1.0,-1.0,1,-0.83609419,0.977611582,0.9453,5.4853,-1.148222789,1.091969846,2.790727908,2.626044457,0,0,0,1,0,0,0,0,8
9.581972892,9,7,0,0,1.6067,0.3558,0.9668,0.6968,0,0.6252,0.9499,0,1.49000101,5.077114431,0.9653,3.4271,-1.09422194,1.058905596,2.223137091,6.695837235,0,0,0,0,0,1,0,0,9
6.741700695,18,4,0,0,1.5392,0.4828,0.842,0.8189,0,0.4696,0.9139,0,-0.188500608,1.644805056,1.9979,4.2472,-1.039023497,1.731120126,2.398306306,0.0,0,0,0,0,0,1,0,0,9
7.313220387,14,2,0,0,1.1316,0.3676,0.7792,-1.0,1,1.0,-1.0,1,-0.433401727,1.466075496,0.9998,3.8755,-1.255266099,1.25506608,2.533557566,2.630881138,0,0,0,0,0,1,0,0,9
7.8559322,56,91,0,0,2.2442,0.217010526,0.9165,0.6818,0,0.5575,0.866,0,1.904433178,4.684870989,4.8787,0.3672,-1.706499625,3.291378416,0.022876819,4.288841695,0,0,0,0,0,1,0,0,9
7.74543561,11,7,0,0,4.0014,0.1425,0.976,0.9623,0,0.3098,0.611,0,1.084513364,3.197909561,2.8072,3.0787,-0.404665428,1.436852973,1.284914388,3.605008595,0,0,0,0,0,1,0,0,9
9.680406499,7,2,0,0,1.0975,0.1146,0.6109,-1.0,1,1.0,-1.0,1,1.808485473,4.534102664,0.2893,2.7416,-3.005782609,1.765491542,3.996104168,3.335947496,0,0,0,0,0,1,0,0,9
6.908754779,57,2,0,0,1.0638,0.1216,0.5286,-1.0,1,1.0,-1.0,1,0.111541375,1.913062229,0.3879,3.83,-3.167707538,2.220699834,4.499519314,1.965992849,0,0,0,0,0,1,0,0,9
8.517393171,16,26,0,0,1.8795,0.2577,0.8896,0.8489,0,0.168,0.321,0,-0.562469857,1.263702909,4.6996,3.094,-0.656044093,2.203521491,1.601932461,2.718396493,0,0,0,0,0,1,0,0,9
9.105090961,40,10,0,0,1.9657,0.1093,0.9207,0.9056,0,0.172,0.3385,0,-1.713687934,1.071583616,3.3219,5.5903,-1.595042032,2.795578941,3.279104928,1.478873542,0,0,0,0,0,1,0,0,9
6.538139824,14,2,4,0,1.2623,0.1024,0.7713,-1.0,1,1.0,-1.0,1,0.678084303,2.530023409,0.9912,2.3012,-2.18036746,2.171528512,2.96344675,1.93398215,0,0,0,0,0,1,0,0,9
5.602118821,13,2,5,1,1.0612,0.1236,0.7384,-1.0,1,1.0,-1.0,1,-0.044997366,1.294562771,0.9902,1.6386,-2.434974281,2.425125948,2.873874168,0.529451088,0,0,0,0,0,1,0,0,9
6.803505258,6,3,1,1,1.1231,0.1217,0.7176,0.1057,0,0.9787,1.0,0,0.007074914,1.6175648,1.3574,1.9786,-1.645583359,1.951154465,2.225393855,0.937269138,0,0,0,0,0,1,0,0,9
6.908754779,24,2,9,1,1.0369,0.0848,0.5044,-1.0,1,1.0,-1.0,1,0.529804382,2.053392697,0.8813,1.5031,-3.979231755,3.852874565,4.374242405,1.272285445,0,0,0,0,0,1,0,0,9
6.34738921,45,3,43,0,1.191,0.751,0.8842,0.3002,0,0.8966,1.0,0,0.640379115,-0.01349059,1.5749,0.8717,-3.307707039,3.761898816,3.127503238,2.139360032,0,0,0,0,0,1,0,0,9
9.105090961,16,10,0,0,1.5673,0.2119,0.8929,0.8902,0,0.2031,0.4049,0,-0.155251285,1.634247591,3.3219,6.5452,-0.683394889,1.883931798,2.48184857,1.420212579,0,0,0,0,0,1,0,0,9
6.64509097,8,2,0,0,1.0377,0.1439,0.5507,-1.0,1,1.0,-1.0,1,0.05694728,1.762502288,0.9331,4.5301,-2.189256408,2.120013505,3.674966146,1.279822117,0,0,0,0,0,1,0,0,9
7.079184395,180,3,0,0,1.5407,0.0456,0.8729,0.83,0,0.5252,1.0,0,0.939303886,3.386672403,1.4725,0.8072,-3.825845309,4.212806946,3.584283171,1.417308415,0,0,0,0,0,1,0,0,9
7.890208213,16,2,8,0,1.0273,0.0825,0.7618,-1.0,1,1.0,-1.0,1,0.189131649,1.482649449,1.0,1.77,-0.444725822,0.44472582,0.566058106,2.519951992,0,0,0,0,0,1,0,0,9
9.903537551,16,24,0,0,1.3218,0.1885,0.9884,0.9191,0,0.1505,0.2807,0,-0.867500568,1.482149847,4.5603,5.6411,0.273760617,1.243627792,1.190928941,0.0,0,0,0,0,0,1,0,0,9
8.920121752,20,2,0,0,1.032,0.2178,0.55,-1.0,1,1.0,-1.0,1,-0.10402807,1.258858638,0.3256,4.6908,-3.53358657,5.079189716,5.072945309,3.287281858,0,0,0,0,0,1,0,0,9
7.601402335,36,6,0,0,1.297,0.5977,0.9366,0.9332,0,0.3586,0.7146,0,-0.312521362,1.428802933,2.4734,5.5759,-0.057311367,0.962905091,1.590213747,2.336793264,0,0,0,0,0,1,0,0,9
7.13169851,28,2,0,0,1.5124,0.3503,0.8869,-1.0,1,1.0,-1.0,1,-0.83609419,0.977611582,0.9453,5.4853,-1.148222789,1.091969846,2.790727908,3.093720682,0,0,0,0,0,1,0,0,9
6.741700695,18,4,0,0,1.5392,0.4828,0.842,0.8189,0,0.4696,0.9139,0,-0.188500608,1.644805056,1.9979,4.2472,-1.039023497,1.731120126,2.398306306,1.865319672,0,0,0,0,1,0,0,0,10
6.803505258,6,3,1,1,1.1231,0.1217,0.7176,0.1057,0,0.9787,1.0,0,0.007074914,1.6175648,1.3574,1.9786,-1.645583359,1.951154465,2.225393855,1.347553533,0,0,0,0,1,0,0,0,10
6.908754779,24,2,9,1,1.0369,0.0848,0.5044,-1.0,1,1.0,-1.0,1,0.529804382,2.053392697,0.8813,1.5031,-3.979231755,3.852874565,4.374242405,1.10459436,0,0,0,0,1,0,0,0,10
7.313220387,14,2,0,0,1.1316,0.3676,0.7792,-1.0,1,1.0,-1.0,1,-0.433401727,1.466075496,0.9998,3.8755,-1.255266099,1.25506608,2.533557566,1.18967102,0,0,0,0,1,0,0,0,10
7.8559322,56,91,0,0,2.2442,0.217010526,0.9165,0.6818,0,0.5575,0.866,0,1.904433178,4.684870989,4.8787,0.3672,-1.706499625,3.291378416,0.022876819,3.911762972,0,0,0,0,1,0,0,0,10
9.581972892,9,7,0,0,1.6067,0.3558,0.9668,0.6968,0,0.6252,0.9499,0,1.49000101,5.077114431,0.9653,3.4271,-1.09422194,1.058905596,2.223137091,4.260494392,0,0,0,0,1,0,0,0,10
7.74543561,11,7,0,0,4.0014,0.1425,0.976,0.9623,0,0.3098,0.611,0,1.084513364,3.197909561,2.8072,3.0787,-0.404665428,1.436852973,1.284914388,1.97380321,0,0,0,0,1,0,0,0,10
6.908754779,57,2,0,0,1.0638,0.1216,0.5286,-1.0,1,1.0,-1.0,1,0.111541375,1.913062229,0.3879,3.83,-3.167707538,2.220699834,4.499519314,0.0,0,0,0,0,1,0,0,0,10
8.517393171,16,26,0,0,1.8795,0.2577,0.8896,0.8489,0,0.168,0.321,0,-0.562469857,1.263702909,4.6996,3.094,-0.656044093,2.203521491,1.601932461,4.215632559,0,0,0,0,1,0,0,0,10
9.105090961,40,10,0,0,1.9657,0.1093,0.9207,0.9056,0,0.172,0.3385,0,-1.713687934,1.071583616,3.3219,5.5903,-1.595042032,2.795578941,3.279104928,3.260861942,0,0,0,0,1,0,0,0,10
6.538139824,14,2,4,0,1.2623,0.1024,0.7713,-1.0,1,1.0,-1.0,1,0.678084303,2.530023409,0.9912,2.3012,-2.18036746,2.171528512,2.96344675,1.132047065,0,0,0,0,1,0,0,0,10
7.601402335,36,6,0,0,1.297,0.5977,0.9366,0.9332,0,0.3586,0.7146,0,-0.312521362,1.428802933,2.4734,5.5759,-0.057311367,0.962905091,1.590213747,2.394343518,0,0,0,0,1,0,0,0,10
9.680406499,7,2,0,0,1.0975,0.1146,0.6109,-1.0,1,1.0,-1.0,1,1.808485473,4.534102664,0.2893,2.7416,-3.005782609,1.765491542,3.996104168,0.0,0,0,0,0,1,0,0,0,10
7.13169851,28,2,0,0,1.5124,0.3503,0.8869,-1.0,1,1.0,-1.0,1,-0.83609419,0.977611582,0.9453,5.4853,-1.148222789,1.091969846,2.790727908,0.0,0,0,0,0,1,0,0,0,10
8.920121752,20,2,0,0,1.032,0.2178,0.55,0.0,0,1.0,-1.0,1,-0.10402807,1.258858638,0.3256,4.6908,-3.53358657,5.079189716,5.072945309,1.974636427,0,0,0,0,1,0,0,0,10
9.903537551,16,24,0,0,1.3218,0.1885,0.9884,0.9191,0,0.1505,0.2807,0,-0.867500568,1.482149847,4.5603,5.6411,0.273760617,1.243627792,1.190928941,3.154145285,0,0,0,0,1,0,0,0,10
7.890208213,16,2,8,0,1.0273,0.0825,0.7618,-1.0,1,1.0,-1.0,1,0.189131649,1.482649449,1.0,1.77,-0.444725822,0.44472582,0.566058106,1.875487685,0,0,0,0,1,0,0,0,10
7.079184395,180,3,0,0,1.5407,0.0456,0.8729,0.83,0,0.5252,1.0,0,0.939303886,3.386672403,1.4725,0.8072,-3.825845309,4.212806946,3.584283171,2.91061002,0,0,0,0,1,0,0,0,10
6.64509097,8,2,0,0,1.0377,0.1439,0.5507,-1.0,1,1.0,-1.0,1,0.05694728,1.762502288,0.9331,4.5301,-2.189256408,2.120013505,3.674966146,0.469378434,0,0,0,0,1,0,0,0,10
9.105090961,16,10,0,0,1.5673,0.2119,0.8929,0.8902,0,0.2031,0.4049,0,-0.155251285,1.634247591,3.3219,6.5452,-0.683394889,1.883931798,2.48184857,3.279067412,0,0,0,0,1,0,0,0,10
5.602118821,13,2,5,1,1.0612,0.1236,0.7384,-1.0,1,1.0,-1.0,1,-0.044997366,1.294562771,0.9902,1.6386,-2.434974281,2.425125948,2.873874168,0.921079249,0,0,0,0,1,0,0,0,10
6.34738921,45,3,43,0,1.191,0.751,0.8842,0.3002,0,0.8966,1.0,0,0.640379115,-0.01349059,1.5749,0.8717,-3.307707039,3.761898816,3.127503238,2.43282357,0,0,0,0,1,0,0,0,10
7.8559322,56,91,0,0,2.2442,0.217010526,0.9165,0.6818,0,0.5575,0.866,0,1.904433178,4.684870989,4.8787,0.3672,-1.706499625,3.291378416,0.022876819,4.028898963,0,0,0,0,0,1,0,0,11
9.581972892,9,7,0,0,1.6067,0.3558,0.9668,0.6968,0,0.6252,0.9499,0,1.49000101,5.077114431,0.9653,3.4271,-1.09422194,1.058905596,2.223137091,6.133424073,0,0,0,0,0,1,0,0,11
7.74543561,11,7,0,0,4.0014,0.1425,0.976,0.9623,0,0.3098,0.611,0,1.084513364,3.197909561,2.8072,3.0787,-0.404665428,1.436852973,1.284914388,3.146649159,0,0,0,0,0,1,0,0,11
7.601402335,36,6,0,0,1.297,0.5977,0.9366,0.9332,0,0.3586,0.7146,0,-0.312521362,1.428802933,2.4734,5.5759,-0.057311367,0.962905091,1.590213747,2.448761203,0,0,0,0,0,1,0,0,11
6.538139824,14,2,4,0,1.2623,0.1024,0.7713,-1.0,1,1.0,-1.0,1,0.678084303,2.530023409,0.9912,2.3012,-2.18036746,2.171528512,2.96344675,0.576051409,0,0,0,0,0,1,0,0,11
8.517393171,16,26,0,0,1.8795,0.2577,0.8896,0.8489,0,0.168,0.321,0,-0.562469857,1.263702909,4.6996,3.094,-0.656044093,2.203521491,1.601932461,3.91430041,0,0,0,0,0,1,0,0,11
6.803505258,6,3,1,1,1.1231,0.1217,0.7176,0.1057,0,0.9787,1.0,0,0.007074914,1.6175648,1.3574,1.9786,-1.645583359,1.951154465,2.225393855,0.0,0,0,0,0,0,1,0,0,11
7.313220387,14,2,0,0,1.1316,0.3676,0.7792,-1.0,1,1.0,-1.0,1,-0.433401727,1.466075496,0.9998,3.8755,-1.255266099,1.25506608,2.533557566,2.881106748,0,0,0,0,0,1,0,0,11
6.908754779,57,2,0,0,1.0638,0.1216,0.5286,-1.0,1,1.0,-1.0,1,0.111541375,1.913062229,0.3879,3.83,-3.167707538,2.220699834,4.499519314,1.646348266,0,0,0,0,0,1,0,0,11
6.741700695,18,4,0,0,1.5392,0.4828,0.842,0.8189,0,0.4696,0.9139,0,-0.188500608,1.644805056,1.9979,4.2472,-1.039023497,1.731120126,2.398306306,1.486365915,0,0,0,0,0,1,0,0,11
9.680406499,7,2,0,0,1.0975,0.1146,0.6109,-1.0,1,1.0,-1.0,1,1.808485473,4.534102664,0.2893,2.7416,-3.005782609,1.765491542,3.996104168,2.306078982,0,0,0,0,0,1,0,0,11
6.908754779,24,2,9,1,1.0369,0.0848,0.5044,-1.0,1,1.0,-1.0,1,0.529804382,2.053392697,0.8813,1.5031,-3.979231755,3.852874565,4.374242405,0.088010877,0,0,0,0,0,1,0,0,11
9.105090961,16,10,0,0,1.5673,0.2119,0.8929,0.8902,0,0.2031,0.4049,0,-0.155251285,1.634247591,3.3219,6.5452,-0.683394889,1.883931798,2.48184857,2.916797285,0,0,0,0,0,1,0,0,11
6.64509097,8,2,0,0,1.0377,0.1439,0.5507,-1.0,1,1.0,-1.0,1,0.05694728,1.762502288,0.9331,4.5301,-2.189256408,2.120013505,3.674966146,0.0,0,0,0,0,0,1,0,0,11
7.079184395,180,3,0,0,1.5407,0.0456,0.8729,0.83,0,0.5252,1.0,0,0.939303886,3.386672403,1.4725,0.8072,-3.825845309,4.212806946,3.584283171,1.498282863,0,0,0,0,0,1,0,0,11
7.890208213,16,2,8,0,1.0273,0.0825,0.7618,-1.0,1,1.0,-1.0,1,0.189131649,1.482649449,1.0,1.77,-0.444725822,0.44472582,0.566058106,2.371551297,0,0,0,0,0,1,0,0,11
9.903537551,16,24,0,0,1.3218,0.1885,0.9884,0.9191,0,0.1505,0.2807,0,-0.867500568,1.482149847,4.5603,5.6411,0.273760617,1.243627792,1.190928941,3.217354668,0,0,0,0,0,1,0,0,11
9.105090961,40,10,0,0,1.9657,0.1093,0.9207,0.9056,0,0.172,0.3385,0,-1.713687934,1.071583616,3.3219,5.5903,-1.595042032,2.795578941,3.279104928,3.091360585,0,0,0,0,0,1,0,0,11
8.920121752,20,2,0,0,1.032,0.2178,0.55,-1.0,1,1.0,-1.0,1,-0.10402807,1.258858638,0.3256,4.6908,-3.53358657,5.079189716,5.072945309,1.906129279,0,0,0,0,0,1,0,0,11
5.602118821,13,2,5,1,1.0612,0.1236,0.7384,-1.0,1,1.0,-1.0,1,-0.044997366,1.294562771,0.9902,1.6386,-2.434974281,2.425125948,2.873874168,0.277631737,0,0,0,0,0,1,0,0,11
6.34738921,45,3,43,0,1.191,0.751,0.8842,0.3002,0,0.8966,1.0,0,0.640379115,-0.01349059,1.5749,0.8717,-3.307707039,3.761898816,3.127503238,1.376244025,0,0,0,0,0,1,0,0,11
7.13169851,28,2,0,0,1.5124,0.3503,0.8869,-1.0,1,1.0,-1.0,1,-0.83609419,0.977611582,0.9453,5.4853,-1.148222789,1.091969846,2.790727908,0.377065634,0,0,0,0,0,1,0,0,11
8.517393171,16,26,0,0,1.8795,0.2577,0.8896,0.8489,0,0.168,0.321,0,-0.562469857,1.263702909,4.6996,3.094,-0.656044093,2.203521491,1.601932461,2.969901514,0,1,1,0,0,0,0,0,12
6.741700695,18,4,0,0,1.5392,0.4828,0.842,0.8189,0,0.4696,0.9139,0,-0.188500608,1.644805056,1.9979,4.2472,-1.039023497,1.731120126,2.398306306,2.569247798,0,1,1,0,0,0,0,0,12
5.602118821,13,2,5,1,1.0612,0.1236,0.7384,-1.0,1,1.0,-1.0,1,-0.044997366,1.294562771,0.9902,1.6386,-2.434974281,2.425125948,2.873874168,2.058090216,0,1,1,0,0,0,0,0,12
7.313220387,14,2,0,0,1.1316,0.3676,0.7792,-1.0,1,1.0,-1.0,1,-0.433401727,1.466075496,0.9998,3.8755,-1.255266099,1.25506608,2.533557566,0.604862266,0,1,1,0,0,0,0,0,12
7.8559322,56,91,0,0,2.2442,0.217010526,0.9165,0.6818,0,0.5575,0.866,0,1.904433178,4.684870989,4.8787,0.3672,-1.706499625,3.291378416,0.022876819,0.0,0,1,1,0,0,0,0,0,12
9.581972892,9,7,0,0,1.6067,0.3558,0.9668,0.6968,0,0.6252,0.9499,0,1.49000101,5.077114431,0.9653,3.4271,-1.09422194,1.058905596,2.223137091,0.0,0,1,1,0,0,0,0,0,12
7.74543561,11,7,0,0,4.0014,0.1425,0.976,0.9623,0,0.3098,0.611,0,1.084513364,3.197909561,2.8072,3.0787,-0.404665428,1.436852973,1.284914388,0.754712536,0,1,1,0,0,0,0,0,12
7.13169851,28,2,0,0,1.5124,0.3503,0.8869,-1.0,1,1.0,-1.0,1,-0.83609419,0.977611582,0.9453,5.4853,-1.148222789,1.091969846,2.790727908,2.362173884,0,1,1,0,0,0,0,0,12
9.105090961,40,10,0,0,1.9657,0.1093,0.9207,0.9056,0,0.172,0.3385,0,-1.713687934,1.071583616,3.3219,5.5903,-1.595042032,2.795578941,3.279104928,4.577017595,0,1,1,0,0,0,0,0,12
9.680406499,7,2,0,0,1.0975,0.1146,0.6109,-1.0,1,1.0,-1.0,1,1.808485473,4.534102664,0.2893,2.7416,-3.005782609,1.765491542,3.996104168,2.545217497,0,1,1,0,0,0,0,0,12
7.601402335,36,6,0,0,1.297,0.5977,0.9366,0.9332,0,0.3586,0.7146,0,-0.312521362,1.428802933,2.4734,5.5759,-0.057311367,0.962905091,1.590213747,2.259886338,0,1,1,0,0,0,0,0,12
6.538139824,14,2,4,0,1.2623,0.1024,0.7713,-1.0,1,1.0,-1.0,1,0.678084303,2.530023409,0.9912,2.3012,-2.18036746,2.171528512,2.96344675,1.587805612,0,1,1,0,0,0,0,0,12
8.920121752,20,2,0,0,1.032,0.2178,0.55,-1.0,1,1.0,-1.0,1,-0.10402807,1.258858638,0.3256,4.6908,-3.53358657,5.079189716,5.072945309,1.219649284,0,1,1,0,0,0,0,0,12
9.903537551,16,24,0,0,1.3218,0.1885,0.9884,0.9191,0,0.1505,0.2807,0,-0.867500568,1.482149847,4.5603,5.6411,0.273760617,1.243627792,1.190928941,3.869219883,0,1,1,0,0,0,0,0,12
7.890208213,16,2,8,0,1.0273,0.0825,0.7618,-1.0,1,1.0,-1.0,1,0.189131649,1.482649449,1.0,1.77,-0.444725822,0.44472582,0.566058106,2.353563338,0,1,1,0,0,0,0,0,12
7.079184395,180,3,0,0,1.5407,0.0456,0.8729,0.83,0,0.5252,1.0,0,0.939303886,3.386672403,1.4725,0.8072,-3.825845309,4.212806946,3.584283171,2.420101426,0,1,1,0,0,0,0,0,12
6.64509097,8,2,0,0,1.0377,0.1439,0.5507,-1.0,1,1.0,-1.0,1,0.05694728,1.762502288,0.9331,4.5301,-2.189256408,2.120013505,3.674966146,1.685287225,0,1,1,0,0,0,0,0,12
9.105090961,16,10,0,0,1.5673,0.2119,0.8929,0.8902,0,0.2031,0.4049,0,-0.155251285,1.634247591,3.3219,6.5452,-0.683394889,1.883931798,2.48184857,3.853758097,0,1,1,0,0,0,0,0,12
6.34738921,45,3,43,0,1.191,0.751,0.8842,0.3002,0,0.8966,1.0,0,0.640379115,-0.01349059,1.5749,0.8717,-3.307707039,3.761898816,3.127503238,2.217789441,0,1,1,0,0,0,0,0,12
6.803505258,6,3,1,1,1.1231,0.1217,0.7176,0.1057,0,0.9787,1.0,0,0.007074914,1.6175648,1.3574,1.9786,-1.645583359,1.951154465,2.225393855,3.310214492,0,1,1,0,0,0,0,0,12
6.908754779,24,2,9,1,1.0369,0.0848,0.5044,-1.0,1,1.0,-1.0,1,0.529804382,2.053392697,0.8813,1.5031,-3.979231755,3.852874565,4.374242405,2.559318147,0,1,1,0,0,0,0,0,12
6.908754779,57,2,0,0,1.0638,0.1216,0.5286,-1.0,1,1.0,-1.0,1,0.111541375,1.913062229,0.3879,3.83,-3.167707538,2.220699834,4.499519314,0.749999992,0,1,1,0,0,0,0,0,12
7.74543561,11,7,0,0,4.0014,0.1425,0.976,0.9623,0,0.3098,0.611,0,1.084513364,3.197909561,2.8072,3.0787,-0.404665428,1.436852973,1.284914388,5.505819222,0,0,0,0,0,0,0,0,13
6.803505258,6,3,1,1,1.1231,0.1217,0.7176,0.1057,0,0.9787,1.0,0,0.007074914,1.6175648,1.3574,1.9786,-1.645583359,1.951154465,2.225393855,3.012294362,0,0,0,0,0,0,0,0,13
5.602118821,13,2,5,1,1.0612,0.1236,0.7384,-1.0,1,1.0,-1.0,1,-0.044997366,1.294562771,0.9902,1.6386,-2.434974281,2.425125948,2.873874168,1.309143302,0,0,0,0,0,0,0,0,13
9.105090961,40,10,0,0,1.9657,0.1093,0.9207,0.9056,0,0.172,0.3385,0,-1.713687934,1.071583616,3.3219,5.5903,-1.595042032,2.795578941,3.279104928,6.392444612,0,0,0,0,0,0,0,0,13
8.517393171,16,26,0,0,1.8795,0.2577,0.8896,0.8489,0,0.168,0.321,0,-0.562469857,1.263702909,4.6996,3.094,-0.656044093,2.203521491,1.601932461,5.560143024,0,0,0,0,0,0,0,0,13
6.908754779,57,2,0,0,1.0638,0.1216,0.5286,-1.0,1,1.0,-1.0,1,0.111541375,1.913062229,0.3879,3.83,-3.167707538,2.220699834,4.499519314,2.891981573,0,0,0,0,0,0,0,0,13
7.601402335,36,6,0,0,1.297,0.5977,0.9366,0.9332,0,0.3586,0.7146,0,-0.312521362,1.428802933,2.4734,5.5759,-0.057311367,0.962905091,1.590213747,4.635321046,0,0,0,0,0,0,0,0,13
7.890208213,16,2,8,0,1.0273,0.0825,0.7618,-1.0,1,1.0,-1.0,1,0.189131649,1.482649449,1.0,1.77,-0.444725822,0.44472582,0.566058106,4.392038845,0,0,0,0,0,0,0,0,13
7.13169851,28,2,0,0,1.5124,0.3503,0.8869,-1.0,1,1.0,-1.0,1,-0.83609419,0.977611582,0.9453,5.4853,-1.148222789,1.091969846,2.790727908,5.099750567,0,0,0,0,0,0,0,0,13
8.920121752,20,2,0,0,1.032,0.2178,0.55,-1.0,1,1.0,-1.0,1,-0.10402807,1.258858638,0.3256,4.6908,-3.53358657,5.079189716,5.072945309,2.595851544,0,0,0,0,0,0,0,0,13
9.903537551,16,24,0,0,1.3218,0.1885,0.9884,0.9191,0,0.1505,0.2807,0,-0.867500568,1.482149847,4.5603,5.6411,0.273760617,1.243627792,1.190928941,6.10392902,0,0,0,0,0,0,0,0,13
7.079184395,180,3,0,0,1.5407,0.0456,0.8729,0.83,0,0.5252,1.0,0,0.939303886,3.386672403,1.4725,0.8072,-3.825845309,4.212806946,3.584283171,4.346969243,0,0,0,0,0,0,0,0,13
6.64509097,8,2,0,0,1.0377,0.1439,0.5507,-1.0,1,1.0,-1.0,1,0.05694728,1.762502288,0.9331,4.5301,-2.189256408,2.120013505,3.674966146,2.246543702,0,0,0,0,0,0,0,0,13
9.105090961,16,10,0,0,1.5673,0.2119,0.8929,0.8902,0,0.2031,0.4049,0,-0.155251285,1.634247591,3.3219,6.5452,-0.683394889,1.883931798,2.48184857,5.948979713,0,0,0,0,0,0,0,0,13
6.34738921,45,3,43,0,1.191,0.751,0.8842,0.3002,0,0.8966,1.0,0,0.640379115,-0.01349059,1.5749,0.8717,-3.307707039,3.761898816,3.127503238,3.348394176,0,0,0,0,0,0,0,0,13
6.908754779,24,2,9,1,1.0369,0.0848,0.5044,-1.0,1,1.0,-1.0,1,0.529804382,2.053392697,0.8813,1.5031,-3.979231755,3.852874565,4.374242405,1.799396896,0,0,0,0,0,0,0,0,13
9.680406499,7,2,0,0,1.0975,0.1146,0.6109,-1.0,1,1.0,-1.0,1,1.808485473,4.534102664,0.2893,2.7416,-3.005782609,1.765491542,3.996104168,3.335947496,0,0,0,0,0,0,0,0,13
9.581972892,9,7,0,0,1.6067,0.3558,0.9668,0.6968,0,0.6252,0.9499,0,1.49000101,5.077114431,0.9653,3.4271,-1.09422194,1.058905596,2.223137091,7.854313688,0,0,0,0,0,0,0,0,13
7.313220387,14,2,0,0,1.1316,0.3676,0.7792,-1.0,1,1.0,-1.0,1,-0.433401727,1.466075496,0.9998,3.8755,-1.255266099,1.25506608,2.533557566,4.557606769,0,0,0,0,0,0,0,0,13
6.538139824,14,2,4,0,1.2623,0.1024,0.7713,-1.0,1,1.0,-1.0,1,0.678084303,2.530023409,0.9912,2.3012,-2.18036746,2.171528512,2.96344675,3.22115323,0,0,0,0,0,0,0,0,13
7.8559322,56,91,0,0,2.2442,0.217010526,0.9165,0.6818,0,0.5575,0.866,0,1.904433178,4.684870989,4.8787,0.3672,-1.706499625,3.291378416,0.022876819,4.801493262,0,0,0,0,0,0,0,0,13
6.741700695,18,4,0,0,1.5392,0.4828,0.842,0.8189,0,0.4696,0.9139,0,-0.188500608,1.644805056,1.9979,4.2472,-1.039023497,1.731120126,2.398306306,3.909499825,0,0,0,0,0,0,0,0,13
9.105090961,40,10,0,0,1.9657,0.1093,0.9207,0.9056,0,0.172,0.3385,0,-1.713687934,1.071583616,3.3219,5.5903,-1.595042032,2.795578941,3.279104928,4.583956764,0,0,0,0,1,0,1,0,14
6.538139824,14,2,4,0,1.2623,0.1024,0.7713,-1.0,1,1.0,-1.0,1,0.678084303,2.530023409,0.9912,2.3012,-2.18036746,2.171528512,2.96344675,1.414395791,0,0,0,0,1,0,1,0,14
8.517393171,16,26,0,0,1.8795,0.2577,0.8896,0.8489,0,0.168,0.321,0,-0.562469857,1.263702909,4.6996,3.094,-0.656044093,2.203521491,1.601932461,2.90875726,0,0,0,0,1,0,1,0,14
6.908754779,57,2,0,0,1.0638,0.1216,0.5286,-1.0,1,1.0,-1.0,1,0.111541375,1.913062229,0.3879,3.83,-3.167707538,2.220699834,4.499519314,0.246078523,0,0,0,0,1,0,1,0,14
7.601402335,36,6,0,0,1.297,0.5977,0.9366,0.9332,0,0.3586,0.7146,0,-0.312521362,1.428802933,2.4734,5.5759,-0.057311367,0.962905091,1.590213747,2.210689078,0,0,0,0,1,0,1,0,14
7.74543561,11,7,0,0,4.0014,0.1425,0.976,0.9623,0,0.3098,0.611,0,1.084513364,3.197909561,2.8072,3.0787,-0.404665428,1.436852973,1.284914388,0.612479277,0,0,0,0,1,0,1,0,14
9.581972892,9,7,0,0,1.6067,0.3558,0.9668,0.6968,0,0.6252,0.9499,0,1.49000101,5.077114431,0.9653,3.4271,-1.09422194,1.058905596,2.223137091,0.790273891,0,0,0,0,1,0,1,0,14
7.8559322,56,91,0,0,2.2442,0.217010526,0.9165,0.6818,0,0.5575,0.866,0,1.904433178,4.684870989,4.8787,0.3672,-1.706499625,3.291378416,0.022876819,2.766884987,0,0,0,0,1,0,1,0,14
7.313220387,14,2,0,0,1.1316,0.3676,0.7792,-1.0,1,1.0,-1.0,1,-0.433401727,1.466075496,0.9998,3.8755,-1.255266099,1.25506608,2.533557566,0.1889661,0,0,0,0,1,0,1,0,14
6.741700695,18,4,0,0,1.5392,0.4828,0.842,0.8189,0,0.4696,0.9139,0,-0.188500608,1.644805056,1.9979,4.2472,-1.039023497,1.731120126,2.398306306,2.384717923,0,0,0,0,1,0,1,0,14
9.680406499,7,2,0,0,1.0975,0.1146,0.6109,-1.0,1,1.0,-1.0,1,1.808485473,4.534102664,0.2893,2.7416,-3.005782609,1.765491542,3.996104168,2.107542972,0,0,0,0,1,0,1,0,14
8.920121752,20,2,0,0,1.032,0.2178,0.55,-1.0,1,1.0,-1.0,1,-0.10402807,1.258858638,0.3256,4.6908,-3.53358657,5.079189716,5.072945309,0.0,0,0,0,0,1,0,1,0,14
9.903537551,16,24,0,0,1.3218,0.1885,0.9884,0.9191,0,0.1505,0.2807,0,-0.867500568,1.482149847,4.5603,5.6411,0.273760617,1.243627792,1.190928941,3.732585286,0,0,0,0,1,0,1,0,14
7.890208213,16,2,8,0,1.0273,0.0825,0.7618,-1.0,1,1.0,-1.0,1,0.189131649,1.482649449,1.0,1.77,-0.444725822,0.44472582,0.566058106,2.238579763,0,0,0,0,1,0,1,0,14
7.079184395,180,3,0,0,1.5407,0.0456,0.8729,0.83,0,0.5252,1.0,0,0.939303886,3.386672403,1.4725,0.8072,-3.825845309,4.212806946,3.584283171,2.339784534,0,0,0,0,1,0,1,0,14
6.64509097,8,2,0,0,1.0377,0.1439,0.5507,-1.0,1,1.0,-1.0,1,0.05694728,1.762502288,0.9331,4.5301,-2.189256408,2.120013505,3.674966146,1.434131691,0,0,0,0,1,0,1,0,14
9.105090961,16,10,0,0,1.5673,0.2119,0.8929,0.8902,0,0.2031,0.4049,0,-0.155251285,1.634247591,3.3219,6.5452,-0.683394889,1.883931798,2.48184857,3.75391785,0,0,0,0,1,0,1,0,14
6.908754779,24,2,9,1,1.0369,0.0848,0.5044,-1.0,1,1.0,-1.0,1,0.529804382,2.053392697,0.8813,1.5031,-3.979231755,3.852874565,4.374242405,2.131915389,0,0,0,0,1,0,1,0,14
6.34738921,45,3,43,0,1.191,0.751,0.8842,0.3002,0,0.8966,1.0,0,0.640379115,-0.01349059,1.5749,0.8717,-3.307707039,3.761898816,3.127503238,2.062295383,0,0,0,0,1,0,1,0,14
6.803505258,6,3,1,1,1.1231,0.1217,0.7176,0.1057,0,0.9787,1.0,0,0.007074914,1.6175648,1.3574,1.9786,-1.645583359,1.951154465,2.225393855,1.50385515,0,0,0,0,1,0,1,0,14
5.602118821,13,2,5,1,1.0612,0.1236,0.7384,-1.0,1,1.0,-1.0,1,-0.044997366,1.294562771,0.9902,1.6386,-2.434974281,2.425125948,2.873874168,1.165959362,0,0,0,0,1,0,1,0,14
7.13169851,28,2,0,0,1.5124,0.3503,0.8869,-1.0,1,1.0,-1.0,1,-0.83609419,0.977611582,0.9453,5.4853,-1.148222789,1.091969846,2.790727908,2.483822729,0,0,0,0,1,0,1,0,14
7.8559322,56,91,0,0,2.2442,0.217010526,0.9165,0.6818,0,0.5575,0.866,0,1.904433178,4.684870989,4.8787,0.3672,-1.706499625,3.291378416,0.022876819,3.868217398,0,0,0,0,1,0,1,0,15
6.741700695,18,4,0,0,1.5392,0.4828,0.842,0.8189,0,0.4696,0.9139,0,-0.188500608,1.644805056,1.9979,4.2472,-1.039023497,1.731120126,2.398306306,3.533248513,0,0,0,0,1,0,1,0,15
7.313220387,14,2,0,0,1.1316,0.3676,0.7792,-1.0,1,1.0,-1.0,1,-0.433401727,1.466075496,0.9998,3.8755,-1.255266099,1.25506608,2.533557566,2.915497881,0,0,0,0,1,0,1,0,15
9.581972892,9,7,0,0,1.6067,0.3558,0.9668,0.6968,0,0.6252,0.9499,0,1.49000101,5.077114431,0.9653,3.4271,-1.09422194,1.058905596,2.223137091,6.294703112,0,0,0,0,1,0,1,0,15
6.803505258,6,3,1,1,1.1231,0.1217,0.7176,0.1057,0,0.9787,1.0,0,0.007074914,1.6175648,1.3574,1.9786,-1.645583359,1.951154465,2.225393855,1.691939134,0,0,0,0,1,0,1,0,15
7.601402335,36,6,0,0,1.297,0.5977,0.9366,0.9332,0,0.3586,0.7146,0,-0.312521362,1.428802933,2.4734,5.5759,-0.057311367,0.962905091,1.590213747,3.420215387,0,0,0,0,1,0,1,0,15
6.538139824,14,2,4,0,1.2623,0.1024,0.7713,-1.0,1,1.0,-1.0,1,0.678084303,2.530023409,0.9912,2.3012,-2.18036746,2.171528512,2.96344675,0.938834696,0,0,0,0,1,0,1,0,15
7.13169851,28,2,0,0,1.5124,0.3503,0.8869,-1.0,1,1.0,-1.0,1,-0.83609419,0.977611582,0.9453,5.4853,-1.148222789,1.091969846,2.790727908,3.282301227,0,0,0,0,1,0,1,0,15
8.920121752,20,2,0,0,1.032,0.2178,0.55,-1.0,1,1.0,-1.0,1,-0.10402807,1.258858638,0.3256,4.6908,-3.53358657,5.079189716,5.072945309,3.069029203,0,0,0,0,1,0,1,0,15
9.903537551,16,24,0,0,1.3218,0.1885,0.9884,0.9191,0,0.1505,0.2807,0,-0.867500568,1.482149847,4.5603,5.6411,0.273760617,1.243627792,1.190928941,4.81510691,0,0,0,0,1,0,1,0,15
7.890208213,16,2,8,0,1.0273,0.0825,0.7618,-1.0,1,1.0,-1.0,1,0.189131649,1.482649449,1.0,1.77,-0.444725822,0.44472582,0.566058106,2.739225819,0,0,0,0,1,0,1,0,15
7.079184395,180,3,0,0,1.5407,0.0456,0.8729,0.83,0,0.5252,1.0,0,0.939303886,3.386672403,1.4725,0.8072,-3.825845309,4.212806946,3.584283171,1.738534486,0,0,0,0,1,0,1,0,15
6.64509097,8,2,0,0,1.0377,0.1439,0.5507,-1.0,1,1.0,-1.0,1,0.05694728,1.762502288,0.9331,4.5301,-2.189256408,2.120013505,3.674966146,1.279822117,0,0,0,0,1,0,1,0,15
9.105090961,16,10,0,0,1.5673,0.2119,0.8929,0.8902,0,0.2031,0.4049,0,-0.155251285,1.634247591,3.3219,6.5452,-0.683394889,1.883931798,2.48184857,4.435283001,0,0,0,0,1,0,1,0,15
6.34738921,45,3,43,0,1.191,0.751,0.8842,0.3002,0,0.8966,1.0,0,0.640379115,-0.01349059,1.5749,0.8717,-3.307707039,3.761898816,3.127503238,1.987600338,0,0,0,0,1,0,1,0,15
6.908754779,24,2,9,1,1.0369,0.0848,0.5044,-1.0,1,1.0,-1.0,1,0.529804382,2.053392697,0.8813,1.5031,-3.979231755,3.852874565,4.374242405,1.814498956,0,0,0,0,1,0,1,0,15
5.602118821,13,2,5,1,1.0612,0.1236,0.7384,-1.0,1,1.0,-1.0,1,-0.044997366,1.294562771,0.9902,1.6386,-2.434974281,2.425125948,2.873874168,0.0,0,0,0,0,1,0,1,0,15
9.680406499,7,2,0,0,1.0975,0.1146,0.6109,-1.0,1,1.0,-1.0,1,1.808485473,4.534102664,0.2893,2.7416,-3.005782609,1.765491542,3.996104168,3.08103803,0,0,0,0,1,0,1,0,15
9.105090961,40,10,0,0,1.9657,0.1093,0.9207,0.9056,0,0.172,0.3385,0,-1.713687934,1.071583616,3.3219,5.5903,-1.595042032,2.795578941,3.279104928,4.931296228,0,0,0,0,1,0,1,0,15
8.517393171,16,26,0,0,1.8795,0.2577,0.8896,0.8489,0,0.168,0.321,0,-0.562469857,1.263702909,4.6996,3.094,-0.656044093,2.203521491,1.601932461,4.90779752,0,0,0,0,1,0,1,0,15
6.908754779,57,2,0,0,1.0638,0.1216,0.5286,-1.0,1,1.0,-1.0,1,0.111541375,1.913062229,0.3879,3.83,-3.167707538,2.220699834,4.499519314,3.100857762,0,0,0,0,1,0,1,0,15
7.74543561,11,7,0,0,4.0014,0.1425,0.976,0.9623,0,0.3098,0.611,0,1.084513364,3.197909561,2.8072,3.0787,-0.404665428,1.436852973,1.284914388,4.207836925,0,0,0,0,1,0,1,0,15
7.313220387,14,2,0,0,1.1316,0.3676,0.7792,-1.0,1,1.0,-1.0,1,-0.433401727,1.466075496,0.9998,3.8755,-1.255266099,1.25506608,2.533557566,1.308873214,0,1,1,0,0,0,0,0,16
7.8559322,56,91,0,0,2.2442,0.217010526,0.9165,0.6818,0,0.5575,0.866,0,1.904433178,4.684870989,4.8787,0.3672,-1.706499625,3.291378416,0.022876819,1.844510035,0,1,1,0,0,0,0,0,16
6.538139824,14,2,4,0,1.2623,0.1024,0.7713,-1.0,1,1.0,-1.0,1,0.678084303,2.530023409,0.9912,2.3012,-2.18036746,2.171528512,2.96344675,1.053614923,0,1,1,0,0,0,0,0,16
9.581972892,9,7,0,0,1.6067,0.3558,0.9668,0.6968,0,0.6252,0.9499,0,1.49000101,5.077114431,0.9653,3.4271,-1.09422194,1.058905596,2.223137091,2.471314696,0,1,1,0,0,0,0,0,16
7.74543561,11,7,0,0,4.0014,0.1425,0.976,0.9623,0,0.3098,0.611,0,1.084513364,3.197909561,2.8072,3.0787,-0.404665428,1.436852973,1.284914388,1.339464774,0,1,1,0,0,0,0,0,16
7.601402335,36,6,0,0,1.297,0.5977,0.9366,0.9332,0,0.3586,0.7146,0,-0.312521362,1.428802933,2.4734,5.5759,-0.057311367,0.962905091,1.590213747,2.259886338,0,1,1,0,0,0,0,0,16
6.908754779,57,2,0,0,1.0638,0.1216,0.5286,-1.0,1,1.0,-1.0,1,0.111541375,1.913062229,0.3879,3.83,-3.167707538,2.220699834,4.499519314,0.87380068,0,1,1,0,0,0,0,0,16
8.517393171,16,26,0,0,1.8795,0.2577,0.8896,0.8489,0,0.168,0.321,0,-0.562469857,1.263702909,4.6996,3.094,-0.656044093,2.203521491,1.601932461,3.027521596,0,1,1,0,0,0,0,0,16
9.105090961,40,10,0,0,1.9657,0.1093,0.9207,0.9056,0,0.172,0.3385,0,-1.713687934,1.071583616,3.3219,5.5903,-1.595042032,2.795578941,3.279104928,4.695202828,0,1,1,0,0,0,0,0,16
6.741700695,18,4,0,0,1.5392,0.4828,0.842,0.8189,0,0.4696,0.9139,0,-0.188500608,1.644805056,1.9979,4.2472,-1.039023497,1.731120126,2.398306306,2.34650628,0,1,1,0,0,0,0,0,16
6.803505258,6,3,1,1,1.1231,0.1217,0.7176,0.1057,0,0.9787,1.0,0,0.007074914,1.6175648,1.3574,1.9786,-1.645583359,1.951154465,2.225393855,3.887955697,0,1,1,0,0,0,0,0,16
6.908754779,24,2,9,1,1.0369,0.0848,0.5044,-1.0,1,1.0,-1.0,1,0.529804382,2.053392697,0.8813,1.5031,-3.979231755,3.852874565,4.374242405,2.691988568,0,1,1,0,0,0,0,0,16
5.602118821,13,2,5,1,1.0612,0.1236,0.7384,-1.0,1,1.0,-1.0,1,-0.044997366,1.294562771,0.9902,1.6386,-2.434974281,2.425125948,2.873874168,1.933837568,0,1,1,0,0,0,0,0,16
9.105090961,16,10,0,0,1.5673,0.2119,0.8929,0.8902,0,0.2031,0.4049,0,-0.155251285,1.634247591,3.3219,6.5452,-0.683394889,1.883931798,2.48184857,3.844215146,0,1,1,0,0,0,0,0,16
6.64509097,8,2,0,0,1.0377,0.1439,0.5507,-1.0,1,1.0,-1.0,1,0.05694728,1.762502288,0.9331,4.5301,-2.189256408,2.120013505,3.674966146,1.418035247,0,1,1,0,0,0,0,0,16
7.079184395,180,3,0,0,1.5407,0.0456,0.8729,0.83,0,0.5252,1.0,0,0.939303886,3.386672403,1.4725,0.8072,-3.825845309,4.212806946,3.584283171,1.957132655,0,1,1,0,0,0,0,0,16
7.890208213,16,2,8,0,1.0273,0.0825,0.7618,-1.0,1,1.0,-1.0,1,0.189131649,1.482649449,1.0,1.77,-0.444725822,0.44472582,0.566058106,0.0,0,1,1,0,0,0,0,0,16
9.903537551,16,24,0,0,1.3218,0.1885,0.9884,0.9191,0,0.1505,0.2807,0,-0.867500568,1.482149847,4.5603,5.6411,0.273760617,1.243627792,1.190928941,3.858516738,0,1,1,0,0,0,0,0,16
8.920121752,20,2,0,0,1.032,0.2178,0.55,-1.0,1,1.0,-1.0,1,-0.10402807,1.258858638,0.3256,4.6908,-3.53358657,5.079189716,5.072945309,0.669878554,0,1,1,0,0,0,0,0,16
7.13169851,28,2,0,0,1.5124,0.3503,0.8869,-1.0,1,1.0,-1.0,1,-0.83609419,0.977611582,0.9453,5.4853,-1.148222789,1.091969846,2.790727908,2.807352402,0,1,1,0,0,0,0,0,16
9.680406499,7,2,0,0,1.0975,0.1146,0.6109,-1.0,1,1.0,-1.0,1,1.808485473,4.534102664,0.2893,2.7416,-3.005782609,1.765491542,3.996104168,1.032116297,0,1,1,0,0,0,0,0,16
6.34738921,45,3,43,0,1.191,0.751,0.8842,0.3002,0,0.8966,1.0,0,0.640379115,-0.01349059,1.5749,0.8717,-3.307707039,3.761898816,3.127503238,2.224623552,0,1,1,0,0,0,0,0,16
6.538139824,14,2,4,0,1.2623,0.1024,0.7713,-1.0,1,1.0,-1.0,1,0.678084303,2.530023409,0.9912,2.3012,-2.18036746,2.171528512,2.96344675,1.026399955,0,0,0,1,0,0,0,0,17
9.903537551,16,24,0,0,1.3218,0.1885,0.9884,0.9191,0,0.1505,0.2807,0,-0.867500568,1.482149847,4.5603,5.6411,0.273760617,1.243627792,1.190928941,6.148483253,0,0,0,1,0,0,0,0,17
9.680406499,7,2,0,0,1.0975,0.1146,0.6109,-1.0,1,1.0,-1.0,1,1.808485473,4.534102664,0.2893,2.7416,-3.005782609,1.765491542,3.996104168,1.311301382,0,0,0,1,0,0,0,0,17
7.13169851,28,2,0,0,1.5124,0.3503,0.8869,-1.0,1,1.0,-1.0,1,-0.83609419,0.977611582,0.9453,5.4853,-1.148222789,1.091969846,2.790727908,1.797741541,0,0,0,1,0,0,0,0,17
8.920121752,20,2,0,0,1.032,0.2178,0.55,-1.0,1,1.0,-1.0,1,-0.10402807,1.258858638,0.3256,4.6908,-3.53358657,5.079189716,5.072945309,1.666762979,0,0,0,1,0,0,0,0,17
7.890208213,16,2,8,0,1.0273,0.0825,0.7618,-1.0,1,1.0,-1.0,1,0.189131649,1.482649449,1.0,1.77,-0.444725822,0.44472582,0.566058106,2.371551297,0,0,0,1,0,0,0,0,17
6.803505258,6,3,1,1,1.1231,0.1217,0.7176,0.1057,0,0.9787,1.0,0,0.007074914,1.6175648,1.3574,1.9786,-1.645583359,1.951154465,2.225393855,1.292258369,0,0,0,1,0,0,0,0,17
6.64509097,8,2,0,0,1.0377,0.1439,0.5507,-1.0,1,1.0,-1.0,1,0.05694728,1.762502288,0.9331,4.5301,-2.189256408,2.120013505,3.674966146,0.979828753,0,0,0,1,0,0,0,0,17
7.079184395,180,3,0,0,1.5407,0.0456,0.8729,0.83,0,0.5252,1.0,0,0.939303886,3.386672403,1.4725,0.8072,-3.825845309,4.212806946,3.584283171,2.215173636,0,0,0,1,0,0,0,0,17
7.313220387,14,2,0,0,1.1316,0.3676,0.7792,-1.0,1,1.0,-1.0,1,-0.433401727,1.466075496,0.9998,3.8755,-1.255266099,1.25506608,2.533557566,1.949759872,0,0,0,1,0,0,0,0,17
7.8559322,56,91,0,0,2.2442,0.217010526,0.9165,0.6818,0,0.5575,0.866,0,1.904433178,4.684870989,4.8787,0.3672,-1.706499625,3.291378416,0.022876819,5.090764152,0,0,0,1,0,0,0,0,17
9.581972892,9,7,0,0,1.6067,0.3558,0.9668,0.6968,0,0.6252,0.9499,0,1.49000101,5.077114431,0.9653,3.4271,-1.09422194,1.058905596,2.223137091,3.943075837,0,0,0,1,0,0,0,0,17
7.74543561,11,7,0,0,4.0014,0.1425,0.976,0.9623,0,0.3098,0.611,0,1.084513364,3.197909561,2.8072,3.0787,-0.404665428,1.436852973,1.284914388,2.049240033,0,0,0,1,0,0,0,0,17
7.601402335,36,6,0,0,1.297,0.5977,0.9366,0.9332,0,0.3586,0.7146,0,-0.312521362,1.428802933,2.4734,5.5759,-0.057311367,0.962905091,1.590213747,2.066356302,0,0,0,1,0,0,0,0,17
6.908754779,57,2,0,0,1.0638,0.1216,0.5286,-1.0,1,1.0,-1.0,1,0.111541375,1.913062229,0.3879,3.83,-3.167707538,2.220699834,4.499519314,1.256470373,0,0,0,1,0,0,0,0,17
8.517393171,16,26,0,0,1.8795,0.2577,0.8896,0.8489,0,0.168,0.321,0,-0.562469857,1.263702909,4.6996,3.094,-0.656044093,2.203521491,1.601932461,4.343571628,0,0,0,1,0,0,0,0,17
9.105090961,40,10,0,0,1.9657,0.1093,0.9207,0.9056,0,0.172,0.3385,0,-1.713687934,1.071583616,3.3219,5.5903,-1.595042032,2.795578941,3.279104928,3.027763744,0,0,0,1,0,0,0,0,17
6.741700695,18,4,0,0,1.5392,0.4828,0.842,0.8189,0,0.4696,0.9139,0,-0.188500608,1.644805056,1.9979,4.2472,-1.039023497,1.731120126,2.398306306,1.730415839,0,0,0,1,0,0,0,0,17
5.602118821,13,2,5,1,1.0612,0.1236,0.7384,-1.0,1,1.0,-1.0,1,-0.044997366,1.294562771,0.9902,1.6386,-2.434974281,2.425125948,2.873874168,1.362769816,0,0,0,1,0,0,0,0,17
9.105090961,16,10,0,0,1.5673,0.2119,0.8929,0.8902,0,0.2031,0.4049,0,-0.155251285,1.634247591,3.3219,6.5452,-0.683394889,1.883931798,2.48184857,2.759503483,0,0,0,1,0,0,0,0,17
6.34738921,45,3,43,0,1.191,0.751,0.8842,0.3002,0,0.8966,1.0,0,0.640379115,-0.01349059,1.5749,0.8717,-3.307707039,3.761898816,3.127503238,1.481831788,0,0,0,1,0,0,0,0,17
6.908754779,24,2,9,1,1.0369,0.0848,0.5044,-1.0,1,1.0,-1.0,1,0.529804382,2.053392697,0.8813,1.5031,-3.979231755,3.852874565,4.374242405,2.109970747,0,0,0,1,0,0,0,0,17
6.908754779,24,2,9,1,1.0369,0.0848,0.5044,-1.0,1,1.0,-1.0,1,0.529804382,2.053392697,0.8813,1.5031,-3.979231755,3.852874565,4.374242405,0.915490412,1,0,0,0,0,0,0,0,18
9.105090961,16,10,0,0,1.5673,0.2119,0.8929,0.8902,0,0.2031,0.4049,0,-0.155251285,1.634247591,3.3219,6.5452,-0.683394889,1.883931798,2.48184857,2.343055026,1,0,0,0,0,0,0,0,18
6.64509097,8,2,0,0,1.0377,0.1439,0.5507,-1.0,1,1.0,-1.0,1,0.05694728,1.762502288,0.9331,4.5301,-2.189256408,2.120013505,3.674966146,1.823419622,1,0,0,0,0,0,0,0,18
7.079184395,180,3,0,0,1.5407,0.0456,0.8729,0.83,0,0.5252,1.0,0,0.939303886,3.386672403,1.4725,0.8072,-3.825845309,4.212806946,3.584283171,1.329459424,1,0,0,0,0,0,0,0,18
7.8559322,56,91,0,0,2.2442,0.217010526,0.9165,0.6818,0,0.5575,0.866,0,1.904433178,4.684870989,4.8787,0.3672,-1.706499625,3.291378416,0.022876819,5.090764152,1,0,0,0,0,0,0,0,18
7.313220387,14,2,0,0,1.1316,0.3676,0.7792,-1.0,1,1.0,-1.0,1,-0.433401727,1.466075496,0.9998,3.8755,-1.255266099,1.25506608,2.533557566,1.679709965,1,0,0,0,0,0,0,0,18
6.741700695,18,4,0,0,1.5392,0.4828,0.842,0.8189,0,0.4696,0.9139,0,-0.188500608,1.644805056,1.9979,4.2472,-1.039023497,1.731120126,2.398306306,1.055704788,1,0,0,0,0,0,0,0,18
6.908754779,57,2,0,0,1.0638,0.1216,0.5286,-1.0,1,1.0,-1.0,1,0.111541375,1.913062229,0.3879,3.83,-3.167707538,2.220699834,4.499519314,2.295862547,1,0,0,0,0,0,0,0,18
5.602118821,13,2,5,1,1.0612,0.1236,0.7384,-1.0,1,1.0,-1.0,1,-0.044997366,1.294562771,0.9902,1.6386,-2.434974281,2.425125948,2.873874168,0.392042088,1,0,0,0,0,0,0,0,18
6.803505258,6,3,1,1,1.1231,0.1217,0.7176,0.1057,0,0.9787,1.0,0,0.007074914,1.6175648,1.3574,1.9786,-1.645583359,1.951154465,2.225393855,2.425775704,1,0,0,0,0,0,0,0,18
6.34738921,45,3,43,0,1.191,0.751,0.8842,0.3002,0,0.8966,1.0,0,0.640379115,-0.01349059,1.5749,0.8717,-3.307707039,3.761898816,3.127503238,2.43282357,1,0,0,0,0,0,0,0,18
6.538139824,14,2,4,0,1.2623,0.1024,0.7713,-1.0,1,1.0,-1.0,1,0.678084303,2.530023409,0.9912,2.3012,-2.18036746,2.171528512,2.96344675,1.864080131,1,0,0,0,0,0,0,0,18
9.680406499,7,2,0,0,1.0975,0.1146,0.6109,-1.0,1,1.0,-1.0,1,1.808485473,4.534102664,0.2893,2.7416,-3.005782609,1.765491542,3.996104168,2.392334385,1,0,0,0,0,0,0,0,18
7.13169851,28,2,0,0,1.5124,0.3503,0.8869,-1.0,1,1.0,-1.0,1,-0.83609419,0.977611582,0.9453,5.4853,-1.148222789,1.091969846,2.790727908,2.912187608,1,0,0,0,0,0,0,0,18
8.920121752,20,2,0,0,1.032,0.2178,0.55,-1.0,1,1.0,-1.0,1,-0.10402807,1.258858638,0.3256,4.6908,-3.53358657,5.079189716,5.072945309,0.888713964,1,0,0,0,0,0,0,0,18
7.601402335,36,6,0,0,1.297,0.5977,0.9366,0.9332,0,0.3586,0.7146,0,-0.312521362,1.428802933,2.4734,5.5759,-0.057311367,0.962905091,1.590213747,1.920299258,1,0,0,0,0,0,0,0,18
9.903537551,16,24,0,0,1.3218,0.1885,0.9884,0.9191,0,0.1505,0.2807,0,-0.867500568,1.482149847,4.5603,5.6411,0.273760617,1.243627792,1.190928941,4.467768456,1,0,0,0,0,0,0,0,18
7.890208213,16,2,8,0,1.0273,0.0825,0.7618,-1.0,1,1.0,-1.0,1,0.189131649,1.482649449,1.0,1.77,-0.444725822,0.44472582,0.566058106,2.898229692,1,0,0,0,0,0,0,0,18
8.517393171,16,26,0,0,1.8795,0.2577,0.8896,0.8489,0,0.168,0.321,0,-0.562469857,1.263702909,4.6996,3.094,-0.656044093,2.203521491,1.601932461,0.0,1,0,0,0,0,0,0,0,18
9.105090961,40,10,0,0,1.9657,0.1093,0.9207,0.9056,0,0.172,0.3385,0,-1.713687934,1.071583616,3.3219,5.5903,-1.595042032,2.795578941,3.279104928,1.311301382,1,0,0,0,0,0,0,0,18
7.74543561,11,7,0,0,4.0014,0.1425,0.976,0.9623,0,0.3098,0.611,0,1.084513364,3.197909561,2.8072,3.0787,-0.404665428,1.436852973,1.284914388,0.0,1,0,0,0,0,0,0,0,18
9.581972892,9,7,0,0,1.6067,0.3558,0.9668,0.6968,0,0.6252,0.9499,0,1.49000101,5.077114431,0.9653,3.4271,-1.09422194,1.058905596,2.223137091,4.602626955,1,0,0,0,0,0,0,0,18
9.581972892,9,7,0,0,1.6067,0.3558,0.9668,0.6968,0,0.6252,0.9499,0,1.49000101,5.077114431,0.9653,3.4271,-1.09422194,1.058905596,2.223137091,2.243896097,0,1,0,0,0,0,0,0,19
6.538139824,14,2,4,0,1.2623,0.1024,0.7713,-1.0,1,1.0,-1.0,1,0.678084303,2.530023409,0.9912,2.3012,-2.18036746,2.171528512,2.96344675,0.737164066,0,1,0,0,0,0,0,0,19
7.13169851,28,2,0,0,1.5124,0.3503,0.8869,-1.0,1,1.0,-1.0,1,-0.83609419,0.977611582,0.9453,5.4853,-1.148222789,1.091969846,2.790727908,2.626044457,0,1,0,0,0,0,0,0,19
8.920121752,20,2,0,0,1.032,0.2178,0.55,-1.0,1,1.0,-1.0,1,-0.10402807,1.258858638,0.3256,4.6908,-3.53358657,5.079189716,5.072945309,6.135562727,0,1,0,0,0,0,0,0,19
9.903537551,16,24,0,0,1.3218,0.1885,0.9884,0.9191,0,0.1505,0.2807,0,-0.867500568,1.482149847,4.5603,5.6411,0.273760617,1.243627792,1.190928941,6.148483253,0,1,0,0,0,0,0,0,19
7.890208213,16,2,8,0,1.0273,0.0825,0.7618,-1.0,1,1.0,-1.0,1,0.189131649,1.482649449,1.0,1.77,-0.444725822,0.44472582,0.566058106,2.353563338,0,1,0,0,0,0,0,0,19
7.079184395,180,3,0,0,1.5407,0.0456,0.8729,0.83,0,0.5252,1.0,0,0.939303886,3.386672403,1.4725,0.8072,-3.825845309,4.212806946,3.584283171,2.156634038,0,1,0,0,0,0,0,0,19
6.64509097,8,2,0,0,1.0377,0.1439,0.5507,-1.0,1,1.0,-1.0,1,0.05694728,1.762502288,0.9331,4.5301,-2.189256408,2.120013505,3.674966146,1.141033005,0,1,0,0,0,0,0,0,19
9.105090961,16,10,0,0,1.5673,0.2119,0.8929,0.8902,0,0.2031,0.4049,0,-0.155251285,1.634247591,3.3219,6.5452,-0.683394889,1.883931798,2.48184857,3.944548277,0,1,0,0,0,0,0,0,19
6.34738921,45,3,43,0,1.191,0.751,0.8842,0.3002,0,0.8966,1.0,0,0.640379115,-0.01349059,1.5749,0.8717,-3.307707039,3.761898816,3.127503238,2.309362077,0,1,0,0,0,0,0,0,19
6.908754779,24,2,9,1,1.0369,0.0848,0.5044,-1.0,1,1.0,-1.0,1,0.529804382,2.053392697,0.8813,1.5031,-3.979231755,3.852874565,4.374242405,1.219353906,0,1,0,0,0,0,0,0,19
7.74543561,11,7,0,0,4.0014,0.1425,0.976,0.9623,0,0.3098,0.611,0,1.084513364,3.197909561,2.8072,3.0787,-0.404665428,1.436852973,1.284914388,1.339464774,0,1,0,0,0,0,0,0,19
6.803505258,6,3,1,1,1.1231,0.1217,0.7176,0.1057,0,0.9787,1.0,0,0.007074914,1.6175648,1.3574,1.9786,-1.645583359,1.951154465,2.225393855,1.026041596,0,1,0,0,0,0,0,0,19
9.105090961,40,10,0,0,1.9657,0.1093,0.9207,0.9056,0,0.172,0.3385,0,-1.713687934,1.071583616,3.3219,5.5903,-1.595042032,2.795578941,3.279104928,6.499904327,0,1,0,0,0,0,0,0,19
8.517393171,16,26,0,0,1.8795,0.2577,0.8896,0.8489,0,0.168,0.321,0,-0.562469857,1.263702909,4.6996,3.094,-0.656044093,2.203521491,1.601932461,5.603652699,0,1,0,0,0,0,0,0,19
6.908754779,57,2,0,0,1.0638,0.1216,0.5286,-1.0,1,1.0,-1.0,1,0.111541375,1.913062229,0.3879,3.83,-3.167707538,2.220699834,4.499519314,1.256470373,0,1,0,0,0,0,0,0,19
7.601402335,36,6,0,0,1.297,0.5977,0.9366,0.9332,0,0.3586,0.7146,0,-0.312521362,1.428802933,2.4734,5.5759,-0.057311367,0.962905091,1.590213747,2.046789209,0,1,0,0,0,0,0,0,19
9.680406499,7,2,0,0,1.0975,0.1146,0.6109,-1.0,1,1.0,-1.0,1,1.808485473,4.534102664,0.2893,2.7416,-3.005782609,1.765491542,3.996104168,6.787211185,0,1,0,0,0,0,0,0,19
6.741700695,18,4,0,0,1.5392,0.4828,0.842,0.8189,0,0.4696,0.9139,0,-0.188500608,1.644805056,1.9979,4.2472,-1.039023497,1.731120126,2.398306306,2.069896129,0,1,0,0,0,0,0,0,19
7.313220387,14,2,0,0,1.1316,0.3676,0.7792,-1.0,1,1.0,-1.0,1,-0.433401727,1.466075496,0.9998,3.8755,-1.255266099,1.25506608,2.533557566,0.712459492,0,1,0,0,0,0,0,0,19
7.8559322,56,91,0,0,2.2442,0.217010526,0.9165,0.6818,0,0.5575,0.866,0,1.904433178,4.684870989,4.8787,0.3672,-1.706499625,3.291378416,0.022876819,5.090764152,0,1,0,0,0,0,0,0,19
5.602118821,13,2,5,1,1.0612,0.1236,0.7384,-1.0,1,1.0,-1.0,1,-0.044997366,1.294562771,0.9902,1.6386,-2.434974281,2.425125948,2.873874168,0.757998153,0,1,0,0,0,0,0,0,19
6.741700695,18,4,0,0,1.5392,0.4828,0.842,0.8189,0,0.4696,0.9139,0,-0.188500608,1.644805056,1.9979,4.2472,-1.039023497,1.731120126,2.398306306,2.664376923,0,0,0,0,0,0,0,1,20
7.313220387,14,2,0,0,1.1316,0.3676,0.7792,-1.0,1,1.0,-1.0,1,-0.433401727,1.466075496,0.9998,3.8755,-1.255266099,1.25506608,2.533557566,0.0,0,0,0,0,0,0,0,1,20
9.581972892,9,7,0,0,1.6067,0.3558,0.9668,0.6968,0,0.6252,0.9499,0,1.49000101,5.077114431,0.9653,3.4271,-1.09422194,1.058905596,2.223137091,1.226125609,0,0,0,0,0,0,0,1,20
7.74543561,11,7,0,0,4.0014,0.1425,0.976,0.9623,0,0.3098,0.611,0,1.084513364,3.197909561,2.8072,3.0787,-0.404665428,1.436852973,1.284914388,1.539659018,0,0,0,0,0,0,0,1,20
7.601402335,36,6,0,0,1.297,0.5977,0.9366,0.9332,0,0.3586,0.7146,0,-0.312521362,1.428802933,2.4734,5.5759,-0.057311367,0.962905091,1.590213747,2.259886338,0,0,0,0,0,0,0,1,20
6.908754779,57,2,0,0,1.0638,0.1216,0.5286,-1.0,1,1.0,-1.0,1,0.111541375,1.913062229,0.3879,3.83,-3.167707538,2.220699834,4.499519314,1.470175845,0,0,0,0,0,0,0,1,20
9.105090961,40,10,0,0,1.9657,0.1093,0.9207,0.9056,0,0.172,0.3385,0,-1.713687934,1.071583616,3.3219,5.5903,-1.595042032,2.795578941,3.279104928,4.695202828,0,0,0,0,0,0,0,1,20
8.517393171,16,26,0,0,1.8795,0.2577,0.8896,0.8489,0,0.168,0.321,0,-0.562469857,1.263702909,4.6996,3.094,-0.656044093,2.203521491,1.601932461,2.755823976,0,0,0,0,0,0,0,1,20
8.920121752,20,2,0,0,1.032,0.2178,0.55,-1.0,1,1.0,-1.0,1,-0.10402807,1.258858638,0.3256,4.6908,-3.53358657,5.079189716,5.072945309,1.572358904,0,0,0,0,0,0,0,1,20
6.908754779,24,2,9,1,1.0369,0.0848,0.5044,-1.0,1,1.0,-1.0,1,0.529804382,2.053392697,0.8813,1.5031,-3.979231755,3.852874565,4.374242405,2.381118971,0,0,0,0,0,0,0,1,20
9.105090961,16,10,0,0,1.5673,0.2119,0.8929,0.8902,0,0.2031,0.4049,0,-0.155251285,1.634247591,3.3219,6.5452,-0.683394889,1.883931798,2.48184857,3.688829453,0,0,0,0,0,0,0,1,20
6.64509097,8,2,0,0,1.0377,0.1439,0.5507,-1.0,1,1.0,-1.0,1,0.05694728,1.762502288,0.9331,4.5301,-2.189256408,2.120013505,3.674966146,1.685287225,0,0,0,0,0,0,0,1,20
7.079184395,180,3,0,0,1.5407,0.0456,0.8729,0.83,0,0.5252,1.0,0,0.939303886,3.386672403,1.4725,0.8072,-3.825845309,4.212806946,3.584283171,2.339784534,0,0,0,0,0,0,0,1,20
7.890208213,16,2,8,0,1.0273,0.0825,0.7618,-1.0,1,1.0,-1.0,1,0.189131649,1.482649449,1.0,1.77,-0.444725822,0.44472582,0.566058106,2.406494556,0,0,0,0,0,0,0,1,20
9.903537551,16,24,0,0,1.3218,0.1885,0.9884,0.9191,0,0.1505,0.2807,0,-0.867500568,1.482149847,4.5603,5.6411,0.273760617,1.243627792,1.190928941,3.545268865,0,0,0,0,0,0,0,1,20
5.602118821,13,2,5,1,1.0612,0.1236,0.7384,-1.0,1,1.0,-1.0,1,-0.044997366,1.294562771,0.9902,1.6386,-2.434974281,2.425125948,2.873874168,1.903896969,0,0,0,0,0,0,0,1,20
7.13169851,28,2,0,0,1.5124,0.3503,0.8869,-1.0,1,1.0,-1.0,1,-0.83609419,0.977611582,0.9453,5.4853,-1.148222789,1.091969846,2.790727908,2.557459842,0,0,0,0,0,0,0,1,20
9.680406499,7,2,0,0,1.0975,0.1146,0.6109,-1.0,1,1.0,-1.0,1,1.808485473,4.534102664,0.2893,2.7416,-3.005782609,1.765491542,3.996104168,2.471652534,0,0,0,0,0,0,0,1,20
6.538139824,14,2,4,0,1.2623,0.1024,0.7713,-1.0,1,1.0,-1.0,1,0.678084303,2.530023409,0.9912,2.3012,-2.18036746,2.171528512,2.96344675,1.899566989,0,0,0,0,0,0,0,1,20
7.8559322,56,91,0,0,2.2442,0.217010526,0.9165,0.6818,0,0.5575,0.866,0,1.904433178,4.684870989,4.8787,0.3672,-1.706499625,3.291378416,0.022876819,1.925270028,0,0,0,0,0,0,0,1,20
6.803505258,6,3,1,1,1.1231,0.1217,0.7176,0.1057,0,0.9787,1.0,0,0.007074914,1.6175648,1.3574,1.9786,-1.645583359,1.951154465,2.225393855,3.307765437,0,0,0,0,0,0,0,1,20
6.34738921,45,3,43,0,1.191,0.751,0.8842,0.3002,0,0.8966,1.0,0,0.640379115,-0.01349059,1.5749,0.8717,-3.307707039,3.761898816,3.127503238,2.512521817,0,0,0,0,0,0,0,1,20
7.74543561,11,7,0,0,4.0014,0.1425,0.976,0.9623,0,0.3098,0.611,0,1.084513364,3.197909561,2.8072,3.0787,-0.404665428,1.436852973,1.284914388,3.182336314,0,0,0,0,1,0,0,0,21
9.581972892,9,7,0,0,1.6067,0.3558,0.9668,0.6968,0,0.6252,0.9499,0,1.49000101,5.077114431,0.9653,3.4271,-1.09422194,1.058905596,2.223137091,6.125556095,0,0,0,0,1,0,0,0,21
7.8559322,56,91,0,0,2.2442,0.217010526,0.9165,0.6818,0,0.5575,0.866,0,1.904433178,4.684870989,4.8787,0.3672,-1.706499625,3.291378416,0.022876819,5.090764152,0,0,0,0,1,0,0,0,21
7.313220387,14,2,0,0,1.1316,0.3676,0.7792,-1.0,1,1.0,-1.0,1,-0.433401727,1.466075496,0.9998,3.8755,-1.255266099,1.25506608,2.533557566,3.090633279,0,0,0,0,1,0,0,0,21
6.741700695,18,4,0,0,1.5392,0.4828,0.842,0.8189,0,0.4696,0.9139,0,-0.188500608,1.644805056,1.9979,4.2472,-1.039023497,1.731120126,2.398306306,3.398426881,0,0,0,0,1,0,0,0,21
9.105090961,16,10,0,0,1.5673,0.2119,0.8929,0.8902,0,0.2031,0.4049,0,-0.155251285,1.634247591,3.3219,6.5452,-0.683394889,1.883931798,2.48184857,4.027759504,0,0,0,0,1,0,0,0,21
6.64509097,8,2,0,0,1.0377,0.1439,0.5507,-1.0,1,1.0,-1.0,1,0.05694728,1.762502288,0.9331,4.5301,-2.189256408,2.120013505,3.674966146,1.202972304,0,0,0,0,1,0,0,0,21
7.079184395,180,3,0,0,1.5407,0.0456,0.8729,0.83,0,0.5252,1.0,0,0.939303886,3.386672403,1.4725,0.8072,-3.825845309,4.212806946,3.584283171,1.85379486,0,0,0,0,1,0,0,0,21
7.890208213,16,2,8,0,1.0273,0.0825,0.7618,-1.0,1,1.0,-1.0,1,0.189131649,1.482649449,1.0,1.77,-0.444725822,0.44472582,0.566058106,2.131559496,0,0,0,0,1,0,0,0,21
9.903537551,16,24,0,0,1.3218,0.1885,0.9884,0.9191,0,0.1505,0.2807,0,-0.867500568,1.482149847,4.5603,5.6411,0.273760617,1.243627792,1.190928941,3.890268074,0,0,0,0,1,0,0,0,21
8.920121752,20,2,0,0,1.032,0.2178,0.55,-1.0,1,1.0,-1.0,1,-0.10402807,1.258858638,0.3256,4.6908,-3.53358657,5.079189716,5.072945309,2.630809121,0,0,0,0,1,0,0,0,21
7.13169851,28,2,0,0,1.5124,0.3503,0.8869,-1.0,1,1.0,-1.0,1,-0.83609419,0.977611582,0.9453,5.4853,-1.148222789,1.091969846,2.790727908,2.984165637,0,0,0,0,1,0,0,0,21
6.34738921,45,3,43,0,1.191,0.751,0.8842,0.3002,0,0.8966,1.0,0,0.640379115,-0.01349059,1.5749,0.8717,-3.307707039,3.761898816,3.127503238,2.309362077,0,0,0,0,1,0,0,0,21
7.601402335,36,6,0,0,1.297,0.5977,0.9366,0.9332,0,0.3586,0.7146,0,-0.312521362,1.428802933,2.4734,5.5759,-0.057311367,0.962905091,1.590213747,2.792697675,0,0,0,0,1,0,0,0,21
6.908754779,57,2,0,0,1.0638,0.1216,0.5286,-1.0,1,1.0,-1.0,1,0.111541375,1.913062229,0.3879,3.83,-3.167707538,2.220699834,4.499519314,2.723792308,0,0,0,0,1,0,0,0,21
6.908754779,24,2,9,1,1.0369,0.0848,0.5044,-1.0,1,1.0,-1.0,1,0.529804382,2.053392697,0.8813,1.5031,-3.979231755,3.852874565,4.374242405,0.903408106,0,0,0,0,1,0,0,0,21
9.105090961,40,10,0,0,1.9657,0.1093,0.9207,0.9056,0,0.172,0.3385,0,-1.713687934,1.071583616,3.3219,5.5903,-1.595042032,2.795578941,3.279104928,4.368536044,0,0,0,0,1,0,0,0,21
8.517393171,16,26,0,0,1.8795,0.2577,0.8896,0.8489,0,0.168,0.321,0,-0.562469857,1.263702909,4.6996,3.094,-0.656044093,2.203521491,1.601932461,3.975786226,0,0,0,0,1,0,0,0,21
9.680406499,7,2,0,0,1.0975,0.1146,0.6109,-1.0,1,1.0,-1.0,1,1.808485473,4.534102664,0.2893,2.7416,-3.005782609,1.765491542,3.996104168,3.234552304,0,0,0,0,1,0,0,0,21
6.803505258,6,3,1,1,1.1231,0.1217,0.7176,0.1057,0,0.9787,1.0,0,0.007074914,1.6175648,1.3574,1.9786,-1.645583359,1.951154465,2.225393855,1.148037172,0,0,0,0,1,0,0,0,21
6.538139824,14,2,4,0,1.2623,0.1024,0.7713,-1.0,1,1.0,-1.0,1,0.678084303,2.530023409,0.9912,2.3012,-2.18036746,2.171528512,2.96344675,0.843289839,0,0,0,0,1,0,0,0,21
5.602118821,13,2,5,1,1.0612,0.1236,0.7384,-1.0,1,1.0,-1.0,1,-0.044997366,1.294562771,0.9902,1.6386,-2.434974281,2.425125948,2.873874168,0.680061941,0,0,0,0,1,0,0,0,21
5.602118821,13,2,5,1,1.0612,0.1236,0.7384,-1.0,1,1.0,-1.0,1,-0.044997366,1.294562771,0.9902,1.6386,-2.434974281,2.425125948,2.873874168,0.85526603,0,0,0,0,0,0,0,0,22
8.517393171,16,26,0,0,1.8795,0.2577,0.8896,0.8489,0,0.168,0.321,0,-0.562469857,1.263702909,4.6996,3.094,-0.656044093,2.203521491,1.601932461,5.603652699,0,0,0,0,0,0,0,0,22
9.105090961,40,10,0,0,1.9657,0.1093,0.9207,0.9056,0,0.172,0.3385,0,-1.713687934,1.071583616,3.3219,5.5903,-1.595042032,2.795578941,3.279104928,3.644666299,0,0,0,0,0,0,0,0,22
6.803505258,6,3,1,1,1.1231,0.1217,0.7176,0.1057,0,0.9787,1.0,0,0.007074914,1.6175648,1.3574,1.9786,-1.645583359,1.951154465,2.225393855,0.76033843,0,0,0,0,0,0,0,0,22
6.908754779,24,2,9,1,1.0369,0.0848,0.5044,-1.0,1,1.0,-1.0,1,0.529804382,2.053392697,0.8813,1.5031,-3.979231755,3.852874565,4.374242405,8.02051469,0,0,0,0,0,0,0,0,22
6.34738921,45,3,43,0,1.191,0.751,0.8842,0.3002,0,0.8966,1.0,0,0.640379115,-0.01349059,1.5749,0.8717,-3.307707039,3.761898816,3.127503238,3.970631479,0,0,0,0,0,0,0,0,22
9.105090961,16,10,0,0,1.5673,0.2119,0.8929,0.8902,0,0.2031,0.4049,0,-0.155251285,1.634247591,3.3219,6.5452,-0.683394889,1.883931798,2.48184857,2.204862004,0,0,0,0,0,0,0,0,22
6.64509097,8,2,0,0,1.0377,0.1439,0.5507,-1.0,1,1.0,-1.0,1,0.05694728,1.762502288,0.9331,4.5301,-2.189256408,2.120013505,3.674966146,3.965184554,0,0,0,0,0,0,0,0,22
7.890208213,16,2,8,0,1.0273,0.0825,0.7618,-1.0,1,1.0,-1.0,1,0.189131649,1.482649449,1.0,1.77,-0.444725822,0.44472582,0.566058106,2.751492759,0,0,0,0,0,0,0,0,22
9.903537551,16,24,0,0,1.3218,0.1885,0.9884,0.9191,0,0.1505,0.2807,0,-0.867500568,1.482149847,4.5603,5.6411,0.273760617,1.243627792,1.190928941,6.148483253,0,0,0,0,0,0,0,0,22
8.920121752,20,2,0,0,1.032,0.2178,0.55,-1.0,1,1.0,-1.0,1,-0.10402807,1.258858638,0.3256,4.6908,-3.53358657,5.079189716,5.072945309,6.135562727,0,0,0,0,0,0,0,0,22
7.13169851,28,2,0,0,1.5124,0.3503,0.8869,-1.0,1,1.0,-1.0,1,-0.83609419,0.977611582,0.9453,5.4853,-1.148222789,1.091969846,2.790727908,6.122633151,0,0,0,0,0,0,0,0,22
9.680406499,7,2,0,0,1.0975,0.1146,0.6109,-1.0,1,1.0,-1.0,1,1.808485473,4.534102664,0.2893,2.7416,-3.005782609,1.765491542,3.996104168,6.787211185,0,0,0,0,0,0,0,0,22
6.538139824,14,2,4,0,1.2623,0.1024,0.7713,-1.0,1,1.0,-1.0,1,0.678084303,2.530023409,0.9912,2.3012,-2.18036746,2.171528512,2.96344675,4.229093963,0,0,0,0,0,0,0,0,22
7.079184395,180,3,0,0,1.5407,0.0456,0.8729,0.83,0,0.5252,1.0,0,0.939303886,3.386672403,1.4725,0.8072,-3.825845309,4.212806946,3.584283171,5.121317624,0,0,0,0,0,0,0,0,22
7.601402335,36,6,0,0,1.297,0.5977,0.9366,0.9332,0,0.3586,0.7146,0,-0.312521362,1.428802933,2.4734,5.5759,-0.057311367,0.962905091,1.590213747,2.448761203,0,0,0,0,0,0,0,0,22
6.908754779,57,2,0,0,1.0638,0.1216,0.5286,-1.0,1,1.0,-1.0,1,0.111541375,1.913062229,0.3879,3.83,-3.167707538,2.220699834,4.499519314,5.622359092,0,0,0,0,0,0,0,0,22
9.581972892,9,7,0,0,1.6067,0.3558,0.9668,0.6968,0,0.6252,0.9499,0,1.49000101,5.077114431,0.9653,3.4271,-1.09422194,1.058905596,2.223137091,9.396155154,0,0,0,0,0,0,0,0,22
7.8559322,56,91,0,0,2.2442,0.217010526,0.9165,0.6818,0,0.5575,0.866,0,1.904433178,4.684870989,4.8787,0.3672,-1.706499625,3.291378416,0.022876819,5.090764152,0,0,0,0,0,0,0,0,22
7.313220387,14,2,0,0,1.1316,0.3676,0.7792,-1.0,1,1.0,-1.0,1,-0.433401727,1.466075496,0.9998,3.8755,-1.255266099,1.25506608,2.533557566,5.305039721,0,0,0,0,0,0,0,0,22
6.741700695,18,4,0,0,1.5392,0.4828,0.842,0.8189,0,0.4696,0.9139,0,-0.188500608,1.644805056,1.9979,4.2472,-1.039023497,1.731120126,2.398306306,2.450056372,0,0,0,0,0,0,0,0,22
7.74543561,11,7,0,0,4.0014,0.1425,0.976,0.9623,0,0.3098,0.611,0,1.084513364,3.197909561,2.8072,3.0787,-0.404665428,1.436852973,1.284914388,5.61420417,0,0,0,0,0,0,0,0,22
8.517393171,16,26,0,0,1.8795,0.2577,0.8896,0.8489,0,0.168,0.321,0,-0.562469857,1.263702909,4.6996,3.094,-0.656044093,2.203521491,1.601932461,4.018237157,0,1,0,0,0,0,0,0,23
6.908754779,57,2,0,0,1.0638,0.1216,0.5286,-1.0,1,1.0,-1.0,1,0.111541375,1.913062229,0.3879,3.83,-3.167707538,2.220699834,4.499519314,1.532340862,0,1,0,0,0,0,0,0,23
7.601402335,36,6,0,0,1.297,0.5977,0.9366,0.9332,0,0.3586,0.7146,0,-0.312521362,1.428802933,2.4734,5.5759,-0.057311367,0.962905091,1.590213747,2.275727639,0,1,0,0,0,0,0,0,23
7.74543561,11,7,0,0,4.0014,0.1425,0.976,0.9623,0,0.3098,0.611,0,1.084513364,3.197909561,2.8072,3.0787,-0.404665428,1.436852973,1.284914388,2.304183814,0,1,0,0,0,0,0,0,23
9.581972892,9,7,0,0,1.6067,0.3558,0.9668,0.6968,0,0.6252,0.9499,0,1.49000101,5.077114431,0.9653,3.4271,-1.09422194,1.058905596,2.223137091,1.226125609,0,1,0,0,0,0,0,0,23
7.8559322,56,91,0,0,2.2442,0.217010526,0.9165,0.6818,0,0.5575,0.866,0,1.904433178,4.684870989,4.8787,0.3672,-1.706499625,3.291378416,0.022876819,2.862543679,0,1,0,0,0,0,0,0,23
7.313220387,14,2,0,0,1.1316,0.3676,0.7792,-1.0,1,1.0,-1.0,1,-0.433401727,1.466075496,0.9998,3.8755,-1.255266099,1.25506608,2.533557566,1.599185536,0,1,0,0,0,0,0,0,23
6.741700695,18,4,0,0,1.5392,0.4828,0.842,0.8189,0,0.4696,0.9139,0,-0.188500608,1.644805056,1.9979,4.2472,-1.039023497,1.731120126,2.398306306,2.443042446,0,1,0,0,0,0,0,0,23
9.903537551,16,24,0,0,1.3218,0.1885,0.9884,0.9191,0,0.1505,0.2807,0,-0.867500568,1.482149847,4.5603,5.6411,0.273760617,1.243627792,1.190928941,4.413682751,0,1,0,0,0,0,0,0,23
7.890208213,16,2,8,0,1.0273,0.0825,0.7618,-1.0,1,1.0,-1.0,1,0.189131649,1.482649449,1.0,1.77,-0.444725822,0.44472582,0.566058106,0.566449528,0,1,0,0,0,0,0,0,23
6.64509097,8,2,0,0,1.0377,0.1439,0.5507,-1.0,1,1.0,-1.0,1,0.05694728,1.762502288,0.9331,4.5301,-2.189256408,2.120013505,3.674966146,1.028904876,0,1,0,0,0,0,0,0,23
9.105090961,16,10,0,0,1.5673,0.2119,0.8929,0.8902,0,0.2031,0.4049,0,-0.155251285,1.634247591,3.3219,6.5452,-0.683394889,1.883931798,2.48184857,4.363709903,0,1,0,0,0,0,0,0,23
6.908754779,24,2,9,1,1.0369,0.0848,0.5044,-1.0,1,1.0,-1.0,1,0.529804382,2.053392697,0.8813,1.5031,-3.979231755,3.852874565,4.374242405,1.124929597,0,1,0,0,0,0,0,0,23
9.680406499,7,2,0,0,1.0975,0.1146,0.6109,-1.0,1,1.0,-1.0,1,1.808485473,4.534102664,0.2893,2.7416,-3.005782609,1.765491542,3.996104168,1.311301382,0,1,0,0,0,0,0,0,23
9.105090961,40,10,0,0,1.9657,0.1093,0.9207,0.9056,0,0.172,0.3385,0,-1.713687934,1.071583616,3.3219,5.5903,-1.595042032,2.795578941,3.279104928,5.138195562,0,1,0,0,0,0,0,0,23
6.538139824,14,2,4,0,1.2623,0.1024,0.7713,-1.0,1,1.0,-1.0,1,0.678084303,2.530023409,0.9912,2.3012,-2.18036746,2.171528512,2.96344675,0.0,0,1,0,0,0,0,0,0,23
6.34738921,45,3,43,0,1.191,0.751,0.8842,0.3002,0,0.8966,1.0,0,0.640379115,-0.01349059,1.5749,0.8717,-3.307707039,3.761898816,3.127503238,2.168596453,0,1,0,0,0,0,0,0,23
6.803505258,6,3,1,1,1.1231,0.1217,0.7176,0.1057,0,0.9787,1.0,0,0.007074914,1.6175648,1.3574,1.9786,-1.645583359,1.951154465,2.225393855,2.510980422,0,1,0,0,0,0,0,0,23
7.13169851,28,2,0,0,1.5124,0.3503,0.8869,-1.0,1,1.0,-1.0,1,-0.83609419,0.977611582,0.9453,5.4853,-1.148222789,1.091969846,2.790727908,2.444952334,0,1,0,0,0,0,0,0,23
5.602118821,13,2,5,1,1.0612,0.1236,0.7384,-1.0,1,1.0,-1.0,1,-0.044997366,1.294562771,0.9902,1.6386,-2.434974281,2.425125948,2.873874168,0.701611259,0,1,0,0,0,0,0,0,23
7.079184395,180,3,0,0,1.5407,0.0456,0.8729,0.83,0,0.5252,1.0,0,0.939303886,3.386672403,1.4725,0.8072,-3.825845309,4.212806946,3.584283171,2.811268424,0,1,0,0,0,0,0,0,23
8.920121752,20,2,0,0,1.032,0.2178,0.55,-1.0,1,1.0,-1.0,1,-0.10402807,1.258858638,0.3256,4.6908,-3.53358657,5.079189716,5.072945309,1.832421451,0,1,0,0,0,0,0,0,23
